"heart_disease","actn3_rs540874","actn3_rs1815739","actn3_1671064","adrb2_rs1042718","akt1_t22932c","akt1_g15129a","akt1_c10744t_c12886t","akt1_t10726c_t12868c","akt1_t10598a_t12740a","akt1_c9756a_c11898t","akt1_t8407g","akt1_a7699g","akt1_c6024t_c8166t","akt1_g2347t_g205t","akt1_g2375a_g233a","akt1_g4362c","akt1_g22187a","akt2_rs892118","akt2_2304186","akt2_969531","ankrd6_q122e","ankrd6_m485l","ankrd6_p636l","ankrd6_t233m","ankrd6_i128l","ankrd6_g197805a","ankrd6_a545t","ankrd6_k710x","bcl6_4686467","bcl6_3774298","bcl6_17797517","bcl6_1056932","bmp2_rs15705","c8orf68_rs6983944","carp_a8470g","carp_c105t","cast_rs754615","cast_rs7724759","cntf_g6a","ctsf_572846","ddit_rs1053227","esr1_rs1801132","esr1_rs1042717","esr1_rs2228480","esr1_rs2077647","fbox32_rs6690663","fbox32_rs3739287","fbox32_rs4871385","fstl1_rs9631455","gnb3_rs5443","igf1_pro","igf2_rs680","il15ra_3136618","il15ra_2228059","il15_1057972","il15_1589241","il15_rs2296135","insig2_rs7566605","irs1_g972r","kchj11_rs5219","mylk_c37885a","mylk_g91689t","myod1_rs2249104","nos3_rs1799983","p2ry2_rs1783596","pik3_rs3173908","ppara_1800206","ppar_gp12a","pparg_c1a_rs8192678","rs302964","tcfl72_12255372","tcfl72_7903146","tcfl72_rs12255372","tcfl72_rs7903146","tpd52l1_3778458","tpd52l1_514096","tpd52l1_4896782","tdp52l1_9321028","vdr_rs731236"
1,2,2,2,1,1,0,0,1,0,0,1,1,0,0,0,1,1,0,2,0,0,0,0,1,0,0,0,0,1,0,0,2,0,0,0,0,0,1,0,2,2,1,1,0,1,2,0,0,1,0,0,0,1,0,0,0,0,0,0,1,0,0,0,2,1,1,0,0,0,2,1,1,1,1,0,1,0,0,1
0,2,0,2,2,0,0,0,0,2,1,0,0,1,1,0,1,0,1,0,0,0,0,1,0,1,0,0,0,0,2,0,2,0,1,1,1,0,1,0,0,0,0,2,0,0,2,0,0,0,0,0,0,0,0,0,1,2,1,0,0,1,1,1,0,0,0,0,0,1,1,1,2,1,1,0,1,0,0,0
1,1,1,1,0,0,2,0,0,2,1,0,0,1,1,1,0,0,2,1,0,0,0,0,2,0,0,0,0,1,1,1,2,0,2,1,1,0,1,0,1,2,0,0,0,0,1,0,0,1,0,1,0,1,1,0,0,1,0,0,1,0,0,0,0,1,0,0,0,1,0,0,0,0,0,0,0,0,0,1
0,2,2,2,0,0,0,0,0,1,0,0,0,0,0,0,0,0,1,0,0,0,0,1,0,1,0,0,0,2,0,0,0,1,0,1,1,0,1,0,2,1,1,0,0,2,1,1,1,0,1,1,0,0,0,1,0,0,0,0,0,0,0,0,1,0,0,0,0,0,0,0,0,0,0,0,1,0,0,1
1,1,1,1,0,0,1,2,0,2,0,0,0,0,0,0,2,0,0,2,0,0,0,0,1,0,0,0,0,2,0,1,0,0,1,0,1,2,1,0,1,1,0,1,0,0,1,0,0,1,0,0,1,2,2,1,1,2,1,0,0,1,0,0,1,2,1,0,1,0,0,0,0,0,0,0,1,0,0,2
1,0,1,0,0,0,2,0,1,2,1,1,0,1,0,1,1,0,1,1,1,1,0,0,0,1,0,0,0,0,0,0,1,2,1,1,2,0,0,0,1,0,1,1,1,1,1,1,0,2,0,1,1,1,1,0,0,1,1,0,1,0,1,0,0,0,0,0,0,1,1,0,1,0,1,0,1,0,0,0
1,1,1,1,0,0,1,1,0,0,0,0,0,0,0,0,1,0,0,0,0,0,0,0,1,0,0,0,0,1,0,1,0,0,1,0,1,0,0,1,1,0,1,2,0,0,1,0,1,0,0,0,1,0,0,0,1,0,0,0,1,0,0,0,0,0,0,0,0,0,2,0,1,0,1,0,1,0,0,0
1,1,1,1,0,0,0,0,1,0,0,1,1,0,1,1,0,0,1,1,1,0,0,0,0,0,1,0,0,2,0,0,0,0,0,2,0,0,1,0,1,0,1,0,0,0,0,1,0,0,1,1,1,1,1,0,1,1,1,0,1,1,0,0,0,1,0,0,0,0,2,0,0,0,0,0,1,0,0,0
0,0,0,0,0,0,0,0,0,0,1,0,0,1,1,0,0,0,0,0,1,0,0,0,0,0,0,0,0,0,1,0,0,0,0,1,1,0,1,1,0,0,1,2,0,2,1,0,0,0,1,0,0,2,2,0,1,2,2,0,0,0,0,0,1,0,1,0,0,0,0,2,2,2,2,0,1,0,0,1
0,0,0,0,0,0,0,0,0,0,1,0,0,1,1,0,0,2,0,1,1,0,0,0,0,0,0,0,0,0,0,0,1,0,1,0,0,0,0,1,0,0,0,0,1,2,1,0,0,2,0,1,1,0,0,1,0,0,1,0,1,0,1,1,1,2,0,0,0,0,2,1,1,1,1,0,1,0,0,0
1,1,1,1,0,1,0,0,0,0,1,0,0,1,1,0,0,2,0,2,0,0,0,0,0,0,1,0,0,0,0,0,1,0,0,2,0,0,0,0,1,0,0,0,0,1,0,0,0,2,0,0,1,1,1,1,1,1,1,0,0,1,0,0,0,0,0,0,1,0,2,0,0,0,0,1,0,0,0,0
0,2,2,2,1,0,1,0,0,1,0,0,0,0,0,0,0,0,0,0,0,0,0,1,1,1,0,0,0,1,2,0,2,1,0,1,1,0,1,2,2,2,2,1,0,1,1,1,0,0,0,1,1,1,1,0,0,1,0,0,1,0,0,1,1,1,1,0,0,0,2,0,1,0,1,0,1,0,0,1
0,0,0,0,2,1,2,0,2,2,0,2,2,0,0,0,2,2,0,1,2,0,0,0,1,0,0,0,0,1,1,0,0,1,0,1,1,1,0,0,0,2,0,2,0,0,1,0,0,2,0,1,0,1,1,1,1,0,0,0,0,0,0,1,1,1,0,0,1,1,0,1,1,1,1,1,0,0,0,0
1,2,2,2,1,1,2,0,2,2,0,2,2,0,0,0,2,2,0,0,1,0,0,0,1,0,1,1,0,0,2,1,1,1,0,1,1,1,0,0,2,2,2,1,0,1,0,1,0,0,1,1,1,2,2,1,0,2,2,0,0,0,0,0,0,0,1,0,0,0,1,0,0,0,0,1,2,1,1,0
1,1,1,1,0,0,1,0,0,1,0,0,0,0,0,0,0,0,0,1,2,0,0,0,0,0,0,0,0,2,0,0,0,1,1,0,1,1,0,0,1,0,1,0,0,0,1,1,0,0,2,0,0,0,0,0,0,0,1,0,2,0,0,0,1,0,1,0,0,1,2,0,0,0,0,1,2,0,0,1
0,0,0,0,0,0,1,0,0,1,0,0,0,0,0,0,0,0,0,2,0,0,0,1,0,1,1,0,0,1,1,1,1,1,1,0,1,0,1,0,0,1,1,0,0,1,1,0,1,0,0,1,1,2,2,2,0,2,0,0,0,0,0,0,0,0,1,0,0,1,2,2,2,2,2,1,0,0,0,0
1,1,1,1,0,0,1,0,0,1,0,0,0,0,0,0,0,0,1,1,1,0,0,0,0,0,0,0,0,0,0,0,0,0,1,0,1,0,1,0,1,0,0,0,1,0,0,0,0,1,2,0,0,0,0,0,0,0,2,0,2,1,0,0,0,0,1,0,0,0,2,0,0,0,0,1,2,0,0,1
1,0,0,0,0,1,2,0,1,2,1,1,1,1,1,1,1,0,0,0,1,0,0,1,0,1,0,0,0,2,0,1,0,0,1,1,2,1,0,0,0,1,1,0,0,1,0,0,0,2,0,1,0,2,2,0,1,2,1,1,1,1,0,0,1,1,0,0,2,0,0,0,0,0,0,1,2,1,1,1
0,0,0,0,0,1,2,0,0,2,2,1,0,2,2,0,0,2,0,0,0,0,0,0,0,0,1,0,0,2,0,0,0,1,0,1,2,2,1,1,0,0,2,0,0,2,2,0,0,0,1,0,1,2,2,1,0,0,1,0,1,0,0,0,0,1,0,0,0,1,0,1,0,1,0,2,2,0,0,1
0,2,2,2,0,0,0,0,0,0,1,0,0,1,1,1,0,0,2,1,0,0,0,1,0,1,0,0,0,0,0,1,0,1,1,1,1,0,1,1,2,2,2,1,1,0,0,0,1,1,1,0,2,2,2,0,0,0,1,1,1,1,0,0,0,1,0,0,0,2,0,1,0,1,0,1,0,0,0,1
1,0,0,0,0,0,2,0,2,2,0,2,2,0,1,1,1,1,1,1,0,1,0,0,0,1,1,1,1,1,1,1,1,0,1,2,0,1,0,1,0,1,0,1,0,2,2,0,0,0,0,0,1,2,2,0,0,2,1,1,0,0,0,0,0,0,0,0,0,1,2,1,1,1,1,0,1,0,0,2
1,1,1,1,1,0,0,1,0,2,1,0,0,1,1,1,1,0,0,1,1,0,0,0,0,0,1,0,1,0,2,0,2,1,1,1,1,1,0,0,1,1,0,1,0,1,0,0,0,2,0,0,0,0,0,0,1,1,0,0,1,0,0,0,2,0,0,0,0,1,1,0,1,0,1,0,0,0,0,1
1,1,1,1,0,0,0,0,0,0,1,0,0,1,1,1,0,0,0,1,1,0,0,0,1,1,0,1,0,0,0,0,1,0,0,0,0,1,0,0,1,2,0,0,0,2,1,0,1,0,1,0,0,1,1,2,0,1,1,0,1,1,1,0,0,0,0,0,0,1,1,1,0,1,0,0,0,0,0,0
1,1,1,1,0,1,0,0,0,0,1,0,0,1,0,0,0,1,1,0,0,0,0,0,0,0,0,0,0,2,0,0,0,1,1,2,0,0,1,1,1,2,0,0,0,1,0,1,0,0,1,0,1,2,2,0,1,1,0,0,1,0,0,0,0,1,0,0,0,0,2,0,0,0,0,1,0,0,0,0
0,0,0,0,2,0,0,0,0,0,1,0,0,1,1,0,0,1,1,0,0,0,0,0,1,0,0,0,0,1,1,1,0,1,2,0,1,1,0,0,0,2,2,1,0,0,0,0,0,0,0,1,1,1,1,1,2,0,1,1,0,0,0,0,0,2,0,0,0,1,0,2,2,2,2,1,2,0,0,0
0,0,0,0,0,0,1,0,0,1,0,0,0,0,0,0,0,0,0,2,0,0,0,0,0,0,0,0,0,1,1,1,1,1,0,1,1,0,0,0,0,2,0,0,0,2,0,0,0,1,1,1,2,2,2,2,0,0,0,0,0,1,0,0,0,0,0,0,0,1,0,0,0,0,0,1,0,0,0,0
0,0,0,0,0,0,0,0,0,0,1,0,0,1,1,1,0,0,0,1,1,0,0,0,0,2,0,0,0,0,2,1,1,0,1,0,1,2,0,1,0,0,1,0,1,0,1,0,0,1,0,1,0,0,0,0,1,0,1,0,0,0,1,1,1,1,1,1,0,1,0,0,0,0,0,0,2,0,0,1
0,0,0,0,0,0,0,0,0,0,1,0,0,1,1,0,0,1,0,1,2,0,0,0,1,0,0,0,0,0,2,1,2,1,2,2,0,1,0,1,0,0,0,0,0,2,1,0,1,1,0,0,1,0,0,0,0,0,1,0,1,0,0,0,1,0,0,0,1,0,2,0,1,0,1,0,1,0,0,0
0,0,0,0,0,0,1,0,0,1,0,0,0,0,0,0,0,0,0,2,0,1,0,0,1,1,1,0,0,0,1,0,1,0,1,0,1,2,2,0,0,0,0,0,0,0,2,0,0,0,1,0,1,0,0,1,0,0,0,0,0,1,1,0,2,0,1,1,0,1,1,1,2,1,2,0,2,0,1,1
0,2,2,2,1,0,1,0,0,1,0,0,0,0,0,0,0,0,0,0,1,0,0,0,0,0,0,0,0,2,1,0,1,0,0,2,0,1,0,1,2,2,0,1,1,1,1,1,0,1,0,0,2,2,2,0,0,2,2,0,0,0,0,0,1,2,0,0,1,1,0,1,1,1,1,2,2,0,0,1
1,2,2,2,0,1,0,0,1,0,0,1,1,0,0,0,1,2,0,1,2,0,0,0,0,0,0,0,0,1,1,1,1,0,1,0,0,1,0,0,2,2,1,1,0,0,0,0,0,0,0,0,0,1,1,0,0,2,0,0,0,1,1,0,0,1,0,0,1,2,0,1,1,1,1,0,1,0,0,2
0,0,0,0,1,0,1,0,0,1,0,0,0,0,0,0,0,2,0,1,2,0,0,0,0,0,0,0,0,2,0,0,0,2,0,0,0,0,1,0,0,0,0,1,1,2,0,0,0,0,1,0,0,0,0,1,2,0,1,0,0,0,0,0,1,1,1,0,1,0,1,1,1,1,1,1,0,0,0,0
1,1,1,1,1,1,0,0,1,0,0,1,1,0,0,0,1,2,0,0,0,0,0,1,0,1,0,0,0,0,0,0,0,0,1,2,0,1,0,0,1,2,0,1,0,0,2,1,0,0,0,1,1,2,2,0,1,2,1,0,0,0,0,0,0,0,0,0,0,1,0,0,0,0,0,0,0,1,1,1
1,0,0,0,0,0,0,0,1,0,0,1,1,0,0,0,1,1,1,1,1,0,0,0,0,0,1,0,0,0,1,0,1,0,0,2,0,0,1,0,0,0,1,1,0,0,0,0,1,1,0,0,2,1,1,2,0,1,0,0,2,0,1,0,0,0,0,0,1,2,0,0,0,0,0,2,2,0,1,2
1,1,1,1,0,0,0,0,1,1,0,1,1,0,0,0,1,1,0,0,1,0,0,0,0,0,1,0,0,0,1,0,2,1,0,2,0,1,0,0,1,0,0,1,1,0,2,0,1,1,1,0,0,0,0,2,0,0,1,0,1,0,0,0,0,0,0,0,0,1,1,1,1,1,1,0,1,0,0,2
0,0,0,0,0,0,0,0,0,0,1,0,0,1,1,0,0,1,0,2,0,0,0,1,1,1,0,0,0,0,1,0,1,1,0,1,0,0,1,0,0,0,0,0,0,1,2,0,1,2,1,1,0,2,2,2,0,0,2,0,1,1,0,0,1,0,0,0,0,1,1,0,0,0,0,1,2,0,0,1
0,2,2,2,0,0,1,0,0,1,0,0,0,0,0,0,0,0,0,0,1,0,0,1,0,1,0,0,0,1,1,1,2,0,0,2,0,0,1,0,2,2,0,1,0,1,1,0,1,0,2,0,1,1,1,0,0,2,0,0,0,0,0,1,0,2,0,0,0,0,0,1,1,1,1,2,2,0,0,2
1,2,2,2,0,0,1,0,0,1,0,0,0,0,0,0,0,0,0,2,0,0,0,0,0,0,2,0,0,2,1,0,1,0,1,0,0,1,1,0,2,1,1,1,0,2,0,0,0,0,1,1,1,2,2,1,1,2,0,0,0,0,0,0,0,0,0,0,1,0,2,0,0,0,0,1,0,0,0,0
0,2,0,2,0,0,2,0,0,2,2,0,0,1,1,1,1,0,1,0,0,0,0,0,0,0,0,0,0,0,1,0,1,0,1,0,0,0,0,0,0,1,0,0,0,0,1,1,0,1,0,2,0,2,2,0,1,2,0,0,1,0,0,0,0,0,0,0,0,1,2,1,1,1,1,0,2,1,0,1
0,0,0,0,0,1,0,0,1,0,0,0,0,0,0,0,1,0,0,2,0,0,0,1,0,2,0,0,0,0,1,0,2,2,0,1,2,1,0,0,0,0,0,0,1,1,2,0,1,0,1,2,1,2,2,0,1,2,0,0,0,0,0,1,0,0,0,0,0,1,1,0,0,0,0,1,0,0,0,1
0,2,2,2,0,0,2,0,0,2,2,0,1,2,2,2,0,0,1,1,1,0,0,0,0,0,0,0,0,2,2,0,2,0,0,2,0,0,1,0,2,0,1,0,0,1,0,0,0,0,0,0,0,0,0,0,1,0,1,0,0,1,0,0,0,2,0,0,0,1,0,0,0,0,0,0,1,0,0,0
0,0,0,0,1,0,1,0,0,1,0,0,0,0,0,0,0,0,1,0,0,0,0,0,0,0,0,0,0,0,0,0,0,1,1,2,0,0,1,1,0,1,1,1,0,1,0,1,0,0,1,2,0,2,2,0,1,2,1,0,0,0,1,0,2,2,0,1,0,1,1,2,2,2,2,0,0,0,1,0
1,1,1,1,0,0,0,0,1,2,0,1,1,0,0,0,2,1,0,1,0,0,0,0,1,0,0,0,0,1,2,1,2,1,1,0,0,2,0,0,1,0,0,0,0,0,1,0,0,1,2,0,0,2,1,0,0,1,0,1,1,0,2,0,0,1,0,0,0,1,1,0,1,0,1,0,2,1,0,1
0,2,2,2,1,0,1,0,0,1,0,0,0,0,0,0,0,1,0,0,1,0,0,2,0,2,0,0,0,0,0,1,0,1,2,0,1,2,2,0,2,2,0,1,0,1,0,1,0,0,1,0,1,0,0,2,1,0,1,0,1,1,0,0,1,0,0,0,1,0,1,1,1,1,1,0,2,1,2,1
1,1,1,1,0,1,2,0,1,0,0,1,1,0,0,0,1,1,0,2,0,0,0,0,1,0,1,0,0,0,2,0,0,1,0,1,1,1,0,0,1,0,0,0,0,0,1,1,0,1,0,0,2,2,2,1,0,2,0,0,0,0,0,0,0,2,0,0,0,0,1,0,0,0,0,0,1,0,0,1
1,1,1,1,0,1,2,0,1,2,1,1,1,1,1,1,1,1,0,0,1,0,0,0,1,0,0,0,0,2,0,0,0,0,2,0,1,0,1,0,1,1,1,0,1,0,0,0,0,1,0,1,1,0,0,0,0,0,2,0,0,0,0,1,2,0,0,0,0,0,0,0,0,0,0,0,1,0,0,0
0,0,0,0,0,0,2,0,0,2,2,0,0,2,2,1,0,1,2,1,0,0,0,0,0,0,1,0,0,2,0,1,0,2,1,0,1,0,1,0,0,0,1,0,1,0,2,1,0,1,1,0,0,0,0,2,0,0,0,0,2,1,0,1,2,0,0,0,0,1,1,0,0,0,0,0,2,0,0,0
0,0,0,0,0,0,0,1,0,2,1,1,0,1,1,1,1,0,0,1,0,0,0,0,1,0,1,0,0,1,1,1,2,0,0,2,0,1,0,0,0,0,0,1,0,1,0,0,0,2,2,1,0,1,1,2,0,1,0,0,1,0,2,2,0,1,1,0,0,1,1,1,1,1,1,0,2,0,2,1
1,2,2,2,0,0,0,0,1,0,0,1,1,0,0,0,1,0,0,2,0,0,0,0,0,0,1,0,0,0,0,0,0,0,1,0,1,1,0,0,2,1,1,1,1,0,0,0,1,0,1,0,1,0,0,0,0,0,0,1,1,1,0,0,0,0,0,0,0,2,1,1,1,1,1,1,2,0,0,0
0,2,2,2,0,0,2,0,0,0,1,0,0,1,1,1,0,1,1,1,1,0,0,0,0,0,0,0,0,1,1,0,2,0,1,1,0,0,1,0,2,1,0,0,0,1,1,0,0,0,1,1,1,0,0,1,2,0,0,0,0,0,0,0,2,1,0,0,0,0,2,0,0,0,0,1,2,0,1,2
0,0,0,0,0,0,0,0,0,0,1,0,0,1,1,0,0,1,0,0,0,0,0,0,0,0,1,0,0,0,1,1,0,0,0,2,0,0,1,0,0,2,1,0,0,1,1,0,0,1,1,1,0,0,0,1,2,0,0,0,0,0,0,0,1,2,1,0,0,1,0,1,1,1,1,0,1,0,0,1
1,0,0,0,0,0,0,0,0,0,1,0,0,1,1,0,0,1,0,1,2,0,0,0,0,0,0,0,0,2,1,1,1,1,0,0,0,1,0,1,0,0,0,0,1,0,1,0,2,1,0,1,0,2,2,2,0,0,0,0,1,0,0,0,1,0,1,0,0,2,0,1,1,1,1,0,0,0,0,1
1,1,1,1,0,0,0,0,0,0,1,0,0,1,1,1,0,0,0,1,2,0,0,0,0,0,0,0,0,1,0,1,0,1,1,1,1,0,1,0,1,1,0,0,0,0,0,0,1,1,2,0,2,0,0,2,0,0,1,0,1,1,1,1,1,1,1,0,1,0,0,1,1,1,1,1,0,0,0,0
1,0,0,0,0,0,0,0,1,0,0,1,1,0,0,0,1,0,0,0,1,0,0,0,0,0,0,0,0,0,2,1,2,0,1,0,1,2,2,0,0,1,1,0,1,2,0,0,1,1,1,0,1,2,2,0,0,0,1,0,0,1,1,1,0,1,1,0,0,0,0,0,0,0,0,1,2,0,0,1
0,0,0,0,0,0,1,0,0,1,0,0,0,0,0,0,0,1,0,2,0,0,0,0,0,0,1,0,0,1,1,2,0,0,1,1,1,2,1,1,0,2,2,0,0,1,2,0,0,0,0,1,0,0,0,1,1,0,0,0,0,0,0,0,1,0,0,0,0,0,1,1,1,1,1,1,0,0,0,2
1,1,1,1,2,0,1,0,0,1,0,0,0,0,0,0,0,0,1,0,0,0,0,1,0,1,0,0,0,0,1,1,1,0,0,0,1,2,1,1,1,0,1,2,0,0,1,0,1,0,0,1,1,0,0,1,1,0,1,0,1,1,0,0,1,0,0,0,0,1,0,0,0,0,0,1,1,0,0,2
0,2,2,2,0,0,0,0,0,0,1,0,0,1,1,0,0,0,1,2,0,0,0,2,0,1,1,0,0,1,1,2,1,0,1,1,1,0,0,0,2,2,1,0,1,0,0,0,0,1,0,0,0,0,0,0,1,0,1,0,2,0,0,0,0,0,1,0,1,1,0,0,0,0,0,0,1,0,0,2
0,0,0,0,0,0,1,0,0,1,0,0,0,0,0,0,0,0,0,2,0,0,0,0,0,0,0,0,0,2,2,0,2,0,0,0,1,1,0,0,0,0,0,0,0,0,0,0,0,0,1,0,0,2,2,2,0,2,1,0,0,0,0,0,0,1,0,0,1,0,1,0,0,0,0,0,1,0,0,0
0,0,0,0,0,0,0,0,0,2,2,0,0,2,1,0,0,1,1,0,0,0,0,1,0,1,0,0,0,1,1,1,1,0,1,0,1,0,1,0,2,0,0,0,0,2,0,0,0,1,1,0,0,1,1,1,2,1,1,1,1,1,0,0,1,0,1,0,0,0,0,2,2,2,2,0,0,0,0,0
0,0,0,0,0,0,0,0,0,0,1,0,0,1,1,0,0,1,0,1,2,0,0,0,0,0,1,0,0,0,1,0,2,0,2,0,1,1,0,1,0,2,0,0,0,0,1,0,0,0,1,0,1,0,0,1,1,0,0,0,1,1,0,0,2,1,0,0,0,0,2,0,0,0,0,0,2,1,2,1
0,0,0,0,0,0,2,0,0,2,2,0,0,2,2,1,0,1,1,0,0,0,0,1,0,1,0,0,0,0,1,0,1,1,0,2,0,0,1,1,0,1,0,0,0,1,0,0,0,1,1,0,0,0,0,1,0,0,1,0,1,0,0,0,1,1,1,0,0,0,0,0,1,0,1,0,1,0,0,0
0,1,1,1,1,0,2,0,0,2,2,0,0,2,2,0,0,2,0,2,0,0,0,0,1,0,0,0,0,2,1,0,0,0,1,1,2,1,0,0,1,2,0,1,0,0,2,1,0,0,1,0,1,1,1,0,0,1,0,0,0,0,0,0,0,0,1,0,0,0,0,0,0,0,0,0,2,0,1,0
0,0,0,0,0,0,1,0,0,1,0,0,0,0,0,0,0,1,0,0,1,0,0,1,0,0,0,0,0,0,1,0,1,1,1,1,2,1,0,0,0,0,1,0,0,2,0,0,0,1,1,0,1,1,1,0,1,1,0,0,0,0,0,0,2,1,0,0,0,0,0,0,0,0,0,0,1,0,0,2
0,0,0,0,0,0,0,0,0,0,1,0,0,1,1,1,0,1,1,0,0,0,0,0,1,0,0,0,0,0,1,1,1,1,1,2,0,0,1,0,0,1,1,0,2,0,1,1,0,0,0,0,2,0,0,0,1,1,1,1,1,1,0,1,0,1,1,0,0,0,0,1,1,1,1,1,2,0,1,2
0,0,0,0,0,0,0,0,0,0,1,0,0,1,1,1,0,0,0,0,0,1,0,0,0,1,1,0,0,0,1,1,1,0,1,2,0,0,0,0,0,0,0,0,0,0,1,0,0,1,2,1,1,0,0,0,1,0,0,0,2,1,1,1,1,2,0,0,0,0,0,0,0,0,0,0,1,0,0,0
0,2,2,2,0,0,0,0,0,0,1,0,0,1,1,0,0,1,1,0,0,0,0,0,0,0,0,0,0,1,0,0,0,0,0,1,0,1,0,0,2,1,0,0,0,2,0,0,0,2,0,0,0,1,1,1,0,1,0,0,2,0,0,0,0,1,1,0,1,0,2,1,1,1,1,1,0,0,0,0
0,2,2,2,1,0,0,0,0,0,1,0,0,1,1,0,0,1,0,0,0,0,0,0,0,0,0,0,0,0,1,2,1,0,2,0,0,0,1,1,2,0,1,1,0,2,1,1,0,0,0,0,0,1,1,2,0,1,0,0,0,1,0,0,0,0,0,0,0,0,0,1,1,1,1,0,1,0,0,1
1,1,1,1,0,0,0,0,0,0,1,0,0,1,1,0,0,1,0,0,1,0,0,0,0,0,0,0,0,0,0,1,0,1,0,1,2,1,0,0,1,2,1,0,0,1,1,1,0,1,0,0,0,0,0,1,0,0,1,0,0,0,0,0,0,0,1,0,0,0,1,1,1,1,1,1,0,0,0,0
0,0,0,0,0,0,0,0,0,0,1,0,0,1,1,0,0,1,0,2,0,0,0,1,0,1,0,0,0,0,0,0,0,1,1,0,1,0,0,1,0,2,1,0,1,0,0,0,1,1,2,0,1,0,0,2,0,0,0,0,1,1,0,0,1,2,1,0,0,0,0,0,0,0,0,0,0,1,1,0
1,1,1,1,0,0,1,0,2,1,0,0,0,0,0,0,0,0,1,0,0,0,0,0,0,0,0,0,0,1,1,1,1,0,0,0,1,0,1,1,1,2,0,0,1,0,0,0,0,1,1,0,0,0,0,1,2,0,0,0,1,0,0,0,1,0,1,0,0,0,1,1,1,1,1,0,1,0,1,1
1,1,1,1,1,0,0,0,0,0,1,0,0,1,1,1,0,1,0,0,1,0,0,1,0,1,0,0,0,1,1,1,1,1,0,0,0,1,0,1,1,1,1,1,0,0,0,0,0,1,1,1,1,0,0,0,1,0,1,0,1,1,0,0,0,0,0,0,0,0,2,0,0,0,0,2,2,0,0,1
1,0,0,0,0,0,0,0,2,0,0,1,1,0,0,0,2,0,0,2,0,0,0,1,0,1,0,0,0,1,0,0,0,0,1,2,0,0,1,0,0,0,0,0,1,0,0,0,1,1,1,0,1,0,0,0,1,0,0,0,2,0,0,0,0,2,0,0,1,0,0,1,1,1,1,1,0,0,0,0
1,1,1,1,0,1,2,0,0,2,2,0,0,2,2,2,0,0,0,1,2,0,0,1,0,0,1,0,0,0,1,1,1,0,0,0,0,2,1,1,1,0,0,0,1,0,1,0,0,0,1,0,0,0,0,2,0,0,1,0,0,0,0,1,1,0,1,0,0,1,0,1,1,1,1,1,2,0,0,1
0,0,0,0,1,0,1,0,0,1,0,0,0,0,0,0,0,0,1,1,1,0,0,0,0,0,1,0,0,2,0,1,0,0,1,2,1,0,0,0,0,1,1,1,0,1,1,0,1,0,1,1,0,0,0,0,0,0,2,0,2,0,0,0,2,0,0,0,0,2,1,2,2,2,2,0,2,0,1,1
0,0,0,0,0,0,1,1,0,0,0,0,0,0,0,0,1,0,1,0,0,0,0,0,0,0,0,0,0,0,1,1,1,0,0,2,0,0,1,0,0,0,0,0,0,0,1,0,1,2,0,1,1,0,1,0,0,0,1,0,0,0,1,1,0,0,0,1,0,1,2,1,1,0,0,1,0,0,0,0
1,1,1,1,0,0,1,0,0,1,0,0,0,0,0,0,0,1,0,0,1,0,0,1,0,1,0,0,0,1,0,0,0,1,2,1,0,1,0,0,1,1,1,0,1,1,1,0,0,0,0,0,0,0,0,0,0,0,0,0,1,1,0,0,0,1,0,0,1,0,2,0,1,0,1,0,1,0,0,2
0,2,2,2,1,0,1,0,0,1,0,0,0,0,0,0,0,1,0,0,1,0,0,0,0,0,0,0,0,0,1,1,1,0,0,1,2,1,0,0,2,1,0,1,0,1,0,0,1,1,0,0,0,0,0,0,0,0,0,0,0,1,0,1,0,0,0,1,0,0,0,0,0,0,0,0,1,0,0,0
1,0,0,0,0,0,1,0,0,1,0,0,0,0,0,0,0,0,1,0,0,0,0,0,0,0,0,0,0,0,0,0,0,0,2,1,1,1,0,0,0,0,0,0,1,0,1,1,1,1,1,0,0,0,0,2,0,0,0,0,0,0,0,0,1,1,0,0,0,2,0,0,0,0,0,1,0,0,0,0
1,1,1,1,1,0,0,0,0,0,1,0,0,1,1,1,0,0,0,2,0,0,0,0,0,0,2,0,0,1,0,1,0,1,1,1,1,2,1,0,1,2,1,1,0,1,0,0,0,0,0,0,0,2,2,0,1,2,0,1,0,1,0,0,1,0,0,0,0,1,1,2,2,2,2,1,0,0,0,2
0,0,0,0,1,0,0,0,0,1,0,0,0,0,0,0,0,1,0,2,0,0,0,1,0,2,0,0,0,0,0,2,0,2,0,2,0,0,1,1,0,0,0,0,1,0,2,0,0,1,0,0,1,0,0,0,1,0,1,0,0,1,0,0,1,0,0,1,0,0,1,0,0,0,0,0,1,0,0,0
0,0,0,0,0,0,1,0,0,1,0,0,0,0,0,0,0,0,0,0,0,0,0,0,0,0,1,0,0,0,0,2,0,0,0,1,2,0,1,0,0,0,0,0,0,2,0,1,1,0,0,0,0,1,1,0,1,1,1,0,1,1,1,0,1,1,0,0,1,1,2,1,1,1,1,0,0,0,1,0
1,1,1,1,1,0,1,1,0,0,0,0,0,0,0,0,1,0,0,2,0,0,0,1,1,2,0,0,0,1,1,0,1,1,1,2,0,1,0,2,1,1,2,0,0,0,0,0,0,1,0,0,1,0,0,2,0,0,1,0,2,0,0,0,0,2,0,1,2,1,0,1,1,1,1,0,1,0,0,0
0,0,0,0,2,0,0,0,0,0,1,0,0,1,1,0,0,1,0,0,1,0,0,0,0,0,2,0,0,0,1,2,1,0,1,1,0,0,1,0,0,2,1,0,0,1,2,0,1,0,2,0,1,1,1,1,1,1,2,1,1,0,0,0,1,1,1,0,1,0,2,0,0,0,0,1,0,0,0,1
1,0,1,0,0,0,0,1,0,0,0,0,0,0,0,0,1,0,0,1,1,0,0,0,1,0,0,0,0,1,0,0,1,0,0,1,1,1,0,0,1,0,0,0,1,1,0,1,0,1,0,0,0,1,1,0,0,1,0,0,1,1,0,1,0,1,1,0,0,1,1,1,1,1,1,0,0,1,0,1
0,0,0,0,0,0,1,0,0,1,0,0,0,0,0,0,0,1,2,1,0,0,0,0,0,0,1,0,0,2,1,0,1,1,0,1,1,1,0,0,0,0,0,1,1,0,1,0,0,1,1,0,0,1,1,0,1,1,0,0,0,0,0,0,2,1,1,0,0,1,2,0,0,0,0,0,1,0,0,1
0,0,0,0,0,1,2,0,0,2,2,0,0,2,2,1,0,1,0,0,0,0,0,0,0,0,0,0,0,0,1,0,1,1,2,0,1,0,0,0,0,0,1,0,1,0,0,0,0,0,0,0,1,0,0,2,0,0,1,1,2,1,0,0,1,0,0,0,0,1,2,2,2,2,2,0,0,0,0,1
0,0,0,0,1,0,0,0,1,0,1,0,0,1,0,0,0,0,0,1,2,0,0,0,1,0,0,0,0,0,0,0,0,0,0,1,2,0,1,0,0,1,1,1,0,2,0,0,0,0,0,1,1,0,0,1,1,0,0,0,1,1,0,0,1,0,0,0,0,0,2,1,1,1,1,0,1,0,0,1
0,0,0,0,0,0,0,0,0,0,1,0,0,1,1,0,0,1,0,1,2,0,0,0,1,0,0,0,0,0,0,1,0,0,0,2,0,2,1,0,0,0,0,1,0,0,0,0,0,2,1,1,1,0,2,0,1,0,0,0,0,1,0,0,2,1,0,0,0,1,0,0,0,0,0,1,0,0,0,2
0,0,0,0,0,0,0,0,0,0,1,0,0,1,1,1,0,1,2,1,0,0,0,0,0,0,0,0,0,0,0,0,1,1,0,1,1,0,1,0,0,0,0,0,1,2,1,0,2,1,2,1,0,2,2,0,1,2,0,0,0,0,0,0,1,1,1,1,0,0,0,1,1,1,1,0,1,0,0,0
1,0,2,2,0,0,2,0,1,2,1,1,1,1,1,0,1,1,0,0,1,0,0,0,0,0,1,0,0,2,2,0,2,1,2,2,0,1,0,0,2,1,0,0,0,2,0,0,2,1,1,1,1,2,2,2,0,2,1,0,1,0,0,0,1,0,1,0,0,0,1,1,1,1,1,1,0,0,0,2
1,1,1,1,1,0,1,0,0,1,0,0,0,0,0,0,0,1,0,2,0,0,0,0,0,0,2,0,0,0,0,1,0,1,0,2,0,1,0,0,1,1,2,1,1,1,1,0,0,1,1,0,1,0,0,0,0,0,2,0,0,1,0,1,0,2,0,0,1,0,1,1,1,1,1,0,1,1,0,2
0,0,0,0,0,0,1,0,0,1,0,0,0,0,0,0,0,0,1,0,0,0,0,0,1,0,0,0,0,0,0,0,1,1,0,0,0,1,0,0,0,1,0,0,0,0,1,1,0,1,0,0,0,2,2,0,1,0,1,0,0,0,0,0,2,0,0,0,0,1,0,0,0,0,0,0,1,0,0,2
0,0,0,0,0,1,2,0,2,2,0,2,2,0,0,0,1,2,0,1,2,0,0,0,0,0,1,0,0,0,1,0,1,1,0,1,2,1,0,1,0,0,2,0,0,2,2,0,0,0,2,1,0,2,0,2,0,2,1,0,2,0,1,0,2,0,1,1,0,2,1,0,0,0,0,0,0,1,1,1
0,2,2,2,2,0,0,0,0,0,1,0,0,1,1,0,0,1,1,0,0,0,0,1,1,0,0,0,0,0,0,1,0,2,0,1,1,1,0,0,2,2,0,2,0,1,0,1,0,0,0,1,1,2,2,0,0,2,0,0,0,0,0,0,2,0,1,0,0,1,1,1,1,1,1,0,1,0,0,0
0,1,1,1,1,0,2,0,0,2,2,0,0,2,2,1,0,0,1,0,0,0,0,0,0,0,2,0,0,1,1,0,2,1,0,1,1,0,0,0,1,1,0,1,0,0,0,1,0,1,2,2,1,0,0,2,0,1,1,0,1,0,0,0,0,1,1,0,0,1,2,1,1,1,1,0,0,0,1,0
1,0,0,0,0,1,2,0,1,2,1,1,1,1,1,1,1,1,1,1,2,0,0,0,1,0,0,0,0,1,0,1,0,0,0,0,1,1,0,0,0,0,0,1,0,0,1,1,0,1,0,1,2,1,1,0,0,1,1,0,0,0,0,0,0,0,0,0,0,1,1,1,1,1,1,1,0,0,0,2
1,1,1,1,0,1,1,0,0,1,0,0,0,0,0,0,0,0,0,0,0,0,0,0,1,0,0,0,0,1,1,2,1,0,1,0,0,2,2,0,1,2,1,0,1,1,1,0,1,2,0,0,0,1,1,2,0,1,0,0,0,0,0,0,0,1,1,0,0,1,1,0,0,0,0,1,0,0,0,0
0,0,0,0,0,0,1,0,0,0,0,1,0,0,0,0,1,0,0,0,0,0,0,0,1,1,0,0,0,0,1,0,2,0,2,1,1,1,0,0,0,0,1,0,2,0,2,0,0,2,0,1,1,1,1,2,0,1,0,0,1,1,0,1,1,1,1,0,0,1,1,1,0,1,1,0,0,0,0,1
1,1,1,1,1,0,0,0,0,0,1,0,0,1,1,0,0,1,0,0,0,0,0,0,0,0,0,0,0,0,0,0,0,0,1,1,2,0,1,0,1,0,1,1,1,0,0,0,1,1,0,0,0,0,0,0,0,0,1,0,0,0,0,0,0,0,1,0,0,1,1,0,0,0,0,1,0,0,0,1
1,1,1,1,1,0,1,0,0,1,0,0,0,0,0,0,0,0,0,1,2,0,0,1,0,1,1,0,0,0,0,0,0,1,0,0,1,1,0,1,1,2,0,1,0,0,0,0,1,1,0,0,1,2,2,2,0,0,0,0,0,0,0,0,0,2,1,0,0,0,2,1,1,1,1,0,0,1,1,2
1,2,2,2,1,1,0,0,1,0,0,1,1,0,0,0,1,1,0,0,1,0,0,0,1,0,1,0,0,0,1,0,0,1,2,0,1,1,0,0,2,2,1,1,1,0,0,1,0,0,2,0,1,0,0,2,0,0,1,0,1,0,0,0,1,1,1,0,0,0,1,0,0,0,0,1,2,1,1,1
0,0,0,0,0,0,1,0,0,1,0,0,0,0,0,0,0,1,1,1,1,0,0,0,0,0,0,0,0,2,1,0,1,0,1,0,1,2,2,0,0,0,0,0,0,2,0,0,0,1,0,0,2,0,0,0,0,0,0,0,1,1,0,0,0,1,1,0,0,1,0,0,1,0,0,1,0,0,0,0
0,0,0,0,0,0,1,0,0,1,0,0,0,0,0,0,0,0,0,0,1,0,0,1,0,1,0,0,0,2,0,0,1,1,1,0,1,1,0,0,0,0,0,0,0,1,0,0,0,0,1,1,0,0,0,2,0,0,0,0,0,0,0,0,1,0,0,0,0,0,0,0,0,0,0,1,0,0,0,0
0,0,0,0,2,0,2,0,0,2,2,0,0,2,2,1,0,0,0,0,1,0,0,0,0,0,0,0,0,0,0,0,0,1,1,0,0,0,1,0,0,0,2,2,1,0,0,0,2,1,2,0,0,0,0,2,0,0,0,0,1,1,1,1,1,0,1,1,2,1,0,0,0,0,0,0,0,0,1,0
1,2,2,2,0,0,0,0,0,0,1,0,0,1,1,0,0,0,0,0,1,0,0,0,0,0,0,0,0,1,0,2,0,1,1,1,1,0,1,0,2,0,0,0,2,0,2,0,0,0,1,0,1,0,0,0,0,2,0,0,0,2,1,0,1,0,0,0,0,1,0,0,0,0,0,0,0,0,1,1
1,1,1,1,0,0,1,0,0,1,0,0,0,0,0,0,0,0,1,1,1,0,0,1,0,1,1,0,1,0,0,0,1,0,1,0,1,0,1,2,1,2,0,1,1,0,0,0,0,2,1,1,1,0,0,0,0,0,2,1,0,0,0,0,0,2,1,0,0,0,0,0,0,0,0,0,1,0,0,0
1,0,1,0,0,0,2,0,0,2,2,0,0,2,2,1,0,0,0,0,1,0,0,0,0,0,0,0,0,0,0,1,0,1,2,0,2,0,1,0,0,1,1,0,0,1,0,0,0,1,1,0,2,0,0,0,1,0,0,0,0,0,0,0,0,2,0,0,0,0,0,1,1,1,1,0,0,0,0,1
0,0,0,0,1,0,1,0,0,1,0,0,0,0,0,0,0,0,1,0,0,0,0,1,0,1,0,0,0,2,1,0,0,0,0,0,1,0,1,0,0,1,0,1,1,1,1,0,0,1,0,0,1,0,0,1,1,0,0,1,1,0,0,0,1,0,0,0,0,0,2,1,0,1,0,0,1,0,0,1
1,1,1,1,1,0,0,0,1,2,0,2,1,0,0,0,1,0,0,1,1,0,0,0,2,0,0,0,0,0,2,0,2,0,1,1,1,1,0,1,1,0,0,1,0,0,1,0,1,1,2,0,0,0,0,0,2,0,0,0,1,0,0,0,0,2,1,0,0,1,1,1,1,0,0,0,2,0,1,1
0,0,0,0,1,0,2,0,1,2,1,1,1,1,1,0,1,2,0,2,0,0,0,0,0,0,0,0,0,2,0,0,0,0,1,0,1,0,0,0,0,1,0,1,0,0,0,0,0,0,2,0,0,1,1,1,0,0,1,0,0,0,1,0,0,0,0,0,1,0,2,2,2,2,1,0,0,0,0,1
0,0,0,0,0,0,0,0,0,0,1,0,0,1,1,1,0,1,0,1,0,0,0,0,0,0,0,0,0,1,2,2,2,0,0,1,1,2,0,0,0,1,1,0,1,2,0,0,1,0,0,0,2,2,2,0,1,2,1,0,1,0,0,0,0,1,0,0,0,2,0,2,2,2,1,0,0,0,0,1
1,0,0,1,1,0,0,0,0,0,1,0,0,1,1,0,0,2,0,2,0,0,0,1,0,1,1,0,0,1,0,1,0,0,1,1,1,1,0,0,1,2,0,1,1,2,1,0,2,1,0,0,0,0,0,0,1,0,0,0,0,0,0,0,0,1,0,0,1,1,0,1,1,1,1,0,1,0,0,2
0,1,1,2,0,0,0,0,0,0,1,0,0,1,1,0,0,1,1,1,2,0,0,0,0,0,0,0,0,0,1,1,1,1,0,0,1,0,0,0,2,1,0,0,0,0,0,0,0,1,2,0,0,0,1,1,0,1,0,0,2,0,0,0,0,0,0,0,0,0,2,0,0,0,0,0,1,0,0,0
1,1,1,1,0,1,0,0,0,0,1,0,0,1,1,1,0,0,0,1,2,0,0,0,1,0,1,0,0,0,0,0,1,1,0,1,2,1,0,1,1,1,0,0,0,1,0,0,1,1,0,1,0,2,2,1,1,0,1,0,1,0,0,0,0,0,0,0,0,0,0,0,0,0,0,1,0,0,0,2
0,1,1,2,0,0,0,0,0,0,1,0,0,1,0,1,0,0,0,2,0,0,0,0,0,0,0,0,0,0,1,1,1,0,1,1,1,1,0,0,2,0,0,0,0,0,0,0,1,1,0,2,0,0,0,0,0,0,1,0,0,1,1,0,0,1,0,0,1,1,0,1,1,1,0,2,2,0,0,1
0,1,1,1,1,0,1,0,0,1,0,0,0,0,0,0,0,0,0,0,1,0,0,0,0,0,1,0,0,1,0,1,1,1,0,0,0,0,1,0,1,0,1,1,1,0,0,0,0,0,0,0,1,0,0,2,0,0,1,0,0,0,0,0,1,0,0,0,1,1,2,2,2,2,1,1,0,0,0,1
0,0,0,0,0,0,2,0,0,2,2,0,0,2,2,0,0,2,0,0,0,1,0,0,0,1,0,0,0,0,2,0,2,0,2,0,0,1,0,1,0,2,0,0,0,1,0,0,1,0,0,0,0,0,1,1,2,0,0,0,0,1,1,0,1,1,0,0,0,1,0,1,1,1,2,0,1,0,0,1
0,0,0,0,1,1,1,0,0,1,0,0,0,0,0,0,0,1,0,1,1,0,0,1,0,1,0,0,0,0,1,1,1,0,0,0,0,0,1,0,0,0,0,1,0,1,0,1,0,0,0,1,1,1,1,1,0,1,1,0,1,0,0,0,1,0,0,0,1,1,0,2,2,2,2,1,2,0,1,0
1,1,1,1,0,0,0,0,0,0,1,0,0,1,1,1,0,0,1,0,0,0,0,1,0,1,0,0,0,0,0,1,0,1,0,0,1,1,0,0,1,0,1,0,0,1,1,0,1,1,1,0,2,0,0,0,0,0,0,0,0,1,1,0,0,2,1,0,0,1,1,1,0,1,0,0,1,0,0,1
0,0,0,0,0,0,2,0,0,2,2,0,0,2,2,1,0,1,0,0,1,0,0,0,0,0,0,0,0,0,1,1,1,0,2,1,1,0,1,0,0,2,1,1,0,0,2,0,0,0,0,0,0,2,2,0,1,2,0,0,0,0,2,0,1,1,0,0,0,0,2,1,1,1,1,1,0,0,0,0
0,0,0,0,0,0,0,0,0,0,1,0,0,1,1,0,0,1,0,2,0,0,0,1,0,1,0,0,0,0,1,1,1,1,0,2,1,0,1,0,0,1,1,0,0,0,1,0,2,1,0,0,1,0,0,1,0,0,1,0,0,0,0,0,1,0,0,0,0,1,2,0,0,0,0,1,0,0,0,0
0,0,0,0,0,0,2,0,1,2,1,1,1,1,1,1,0,1,0,0,1,0,0,0,0,0,0,0,0,2,1,1,1,0,0,0,1,1,0,0,0,0,2,0,0,0,1,0,2,1,1,1,0,0,1,0,1,0,2,0,1,0,0,0,0,2,0,0,0,0,0,1,1,1,1,1,0,0,0,0
1,2,2,2,1,0,0,0,1,0,0,1,1,0,0,0,1,1,0,1,1,0,0,0,0,0,0,0,0,0,0,2,0,0,0,0,1,1,0,1,2,0,0,1,1,0,1,1,0,0,0,0,1,0,0,2,0,0,1,0,1,1,0,0,1,0,0,0,0,0,1,2,2,2,2,0,2,0,2,2
0,0,0,0,0,0,1,0,0,1,0,0,0,0,0,0,0,0,0,0,1,0,0,0,1,0,0,0,0,2,1,0,0,0,0,0,0,0,1,0,0,1,1,0,0,0,0,0,0,0,1,0,0,0,0,1,1,0,0,0,0,0,0,0,0,0,0,0,0,0,2,1,1,1,1,0,0,0,0,1
1,1,1,1,0,0,1,0,0,1,0,0,0,0,0,0,0,0,1,0,0,0,0,0,0,0,1,0,0,0,0,0,0,1,1,0,1,1,0,0,1,0,0,0,0,0,0,0,0,0,1,1,1,1,1,1,2,1,1,0,1,0,0,0,0,0,1,0,0,2,0,0,0,0,0,0,0,0,0,2
1,0,0,0,0,0,0,0,1,0,0,1,1,0,0,0,1,1,1,0,0,0,0,0,0,0,1,0,0,1,0,2,0,0,2,0,1,1,1,0,0,0,0,0,1,1,0,0,0,1,0,0,0,0,0,0,1,0,1,0,1,0,0,0,1,0,0,0,0,1,2,0,0,0,0,1,0,0,0,0
0,0,0,0,0,0,1,0,0,1,0,0,0,0,1,0,0,0,0,0,1,0,0,0,0,0,0,0,0,0,0,1,0,1,0,0,1,2,1,0,0,2,1,0,0,2,2,0,0,0,1,0,1,2,2,0,1,0,0,0,1,0,0,1,1,1,1,0,0,1,0,0,0,0,0,1,0,0,0,2
1,1,1,1,0,0,1,0,0,1,0,0,0,0,0,0,0,0,0,0,0,0,0,1,0,1,0,0,0,0,0,0,1,0,1,1,1,2,1,0,1,1,0,0,0,2,1,0,1,1,0,1,0,1,1,1,2,1,2,0,0,0,0,0,0,1,0,0,0,1,0,1,1,1,1,1,0,0,0,0
1,1,1,1,0,0,0,0,0,0,1,0,0,1,2,1,0,0,0,0,0,0,0,0,0,0,1,0,0,0,1,1,1,1,0,0,1,0,1,1,1,0,1,0,0,2,0,0,0,1,2,1,0,1,1,2,0,1,0,0,1,1,1,0,0,1,0,0,0,0,1,0,0,0,0,0,1,0,0,0
1,0,0,0,0,0,0,0,1,0,0,1,1,0,0,1,0,0,0,0,1,0,0,0,1,0,1,0,0,0,1,1,1,1,1,2,2,1,0,1,0,1,1,0,0,1,0,0,2,0,0,0,0,0,0,1,1,0,0,0,0,0,0,1,1,0,0,1,0,1,0,1,1,1,1,1,2,0,1,1
1,0,0,0,0,0,2,0,1,2,1,1,1,1,0,1,1,1,0,0,1,0,0,0,0,0,2,0,0,0,0,0,2,0,0,1,2,0,0,0,0,1,1,0,0,1,2,0,0,0,1,1,1,1,1,2,0,1,1,0,0,0,0,0,1,0,1,0,0,0,2,0,0,0,0,2,2,0,0,0
0,2,2,2,1,0,1,0,0,1,0,0,0,0,0,0,0,1,0,0,1,0,0,0,0,0,0,0,0,0,0,1,1,2,0,2,2,0,1,0,2,1,0,1,0,0,1,0,0,0,0,0,0,2,2,2,0,2,0,1,0,1,0,0,0,0,2,0,1,1,1,0,0,0,0,1,2,1,1,0
0,0,0,0,0,0,1,0,0,1,0,0,0,0,0,0,0,0,0,0,1,0,0,0,0,0,0,0,0,0,0,1,0,0,1,0,1,0,1,2,0,1,1,0,0,0,0,0,0,1,0,0,0,2,2,0,0,0,1,1,0,2,1,0,1,0,1,0,0,1,1,1,1,1,1,0,1,0,0,0
1,1,1,1,0,0,0,0,0,0,1,0,0,1,1,1,0,0,0,2,0,0,0,0,0,0,0,0,0,2,1,1,1,0,1,0,0,0,1,0,1,1,0,0,1,0,0,0,1,2,0,0,1,0,0,1,1,0,2,1,0,0,0,0,1,0,1,0,0,0,0,1,1,1,1,1,0,0,0,0
0,0,0,0,0,0,1,0,0,1,0,0,0,0,0,0,0,1,0,0,1,0,0,1,0,0,0,0,0,1,1,1,1,0,2,1,1,0,0,0,0,1,1,0,1,1,0,1,0,0,1,0,1,2,2,0,0,2,1,0,0,0,0,0,0,0,2,0,1,0,0,1,1,1,1,1,0,0,0,1
0,0,0,0,1,0,2,0,0,2,2,0,0,2,2,1,0,1,0,2,0,0,0,0,0,0,0,0,0,2,1,0,1,0,0,0,1,0,1,0,0,2,1,1,0,0,1,0,1,0,1,0,1,0,0,1,0,0,0,0,0,0,0,0,1,1,2,0,0,1,0,0,0,0,0,1,0,0,0,2
1,2,2,2,2,1,1,0,0,1,0,0,0,0,0,0,0,1,0,0,1,0,0,0,0,0,1,0,0,1,0,0,1,0,1,0,0,0,1,0,2,0,0,2,1,0,0,0,0,0,1,0,2,1,1,1,2,1,1,0,0,1,0,0,1,1,0,0,0,0,1,0,0,0,0,2,2,0,0,2
1,1,1,1,1,0,1,0,0,1,0,0,0,0,0,0,0,0,0,2,0,0,0,1,0,1,0,0,0,2,2,0,2,0,2,1,0,1,0,0,1,0,1,1,0,1,1,0,0,0,0,0,1,1,1,1,2,0,1,0,0,1,0,1,2,1,0,0,1,2,0,0,0,0,0,1,0,0,0,1
0,2,2,2,0,0,1,0,0,1,0,0,0,0,0,0,0,0,1,1,0,0,0,1,0,1,0,0,0,1,1,2,1,1,0,2,1,0,0,1,2,1,1,0,0,0,1,0,1,1,0,0,1,0,0,1,1,0,0,0,0,1,0,1,0,0,0,0,1,0,1,1,1,1,1,1,0,0,0,2
1,1,1,1,1,0,1,0,0,1,0,0,0,0,0,0,0,0,1,1,1,0,0,1,0,1,0,0,0,0,1,0,1,0,2,1,2,1,0,0,1,0,1,1,0,1,1,0,0,0,0,0,1,2,0,1,1,1,2,0,2,0,0,0,1,1,0,0,1,1,0,1,1,0,0,0,1,0,0,0
0,2,2,2,0,0,0,0,1,0,0,1,1,0,0,0,1,0,2,1,0,0,0,1,0,1,1,0,0,1,1,0,1,1,1,2,0,0,1,0,2,1,0,0,0,2,0,0,1,1,0,0,0,0,0,1,1,0,1,0,1,0,0,1,2,2,2,0,0,1,2,2,2,0,0,1,0,0,0,0
0,2,2,2,0,0,0,0,1,0,0,1,1,0,1,1,0,0,1,1,0,0,0,1,0,1,0,0,0,0,1,1,0,0,0,0,0,2,2,0,2,1,0,0,1,0,0,0,0,0,1,0,1,1,1,2,0,1,2,1,0,0,0,0,2,1,0,0,0,0,0,0,0,2,2,2,2,0,0,0
0,0,0,0,0,0,1,0,0,1,0,0,0,0,0,0,0,0,0,0,1,0,0,0,0,0,0,0,0,2,0,1,1,1,1,0,0,1,0,1,0,0,0,1,1,0,0,0,0,1,1,0,1,0,0,2,0,1,0,0,0,0,0,1,0,0,1,0,0,0,0,0,0,1,1,0,1,0,0,1
1,2,2,2,0,0,1,0,0,1,0,0,0,0,0,0,0,1,0,1,2,0,0,0,0,0,1,0,0,0,1,1,1,1,1,0,1,0,1,1,2,1,1,0,0,0,0,0,0,1,0,0,1,1,1,0,0,0,1,1,2,1,0,0,0,1,1,0,1,1,0,0,0,0,0,0,1,0,1,1
0,2,2,2,0,0,1,0,0,1,0,0,0,0,0,0,0,0,1,0,0,0,0,1,0,1,0,0,0,2,2,0,1,0,0,0,0,1,0,0,2,2,1,0,0,0,0,0,1,0,1,0,1,2,2,1,1,0,1,0,0,0,0,1,0,2,0,0,0,0,2,1,1,0,0,1,0,0,0,1
1,0,0,0,0,1,2,0,1,0,0,1,1,0,0,0,1,0,0,2,0,0,0,0,0,0,1,0,1,0,0,1,0,1,1,2,0,0,1,1,0,0,0,0,2,2,0,0,0,0,0,0,1,0,0,0,1,0,1,0,0,0,0,0,0,0,1,1,1,0,0,0,0,0,0,0,1,0,0,2
1,0,0,0,0,0,0,0,1,0,0,1,1,0,0,0,1,0,0,2,0,0,0,0,0,0,0,0,0,1,2,1,2,1,2,2,0,0,1,0,0,2,1,0,2,0,1,0,0,1,0,1,0,2,2,1,1,2,2,0,1,0,0,0,1,0,1,0,0,0,2,1,1,1,1,1,0,0,0,1
1,1,1,1,1,0,2,0,1,2,1,1,1,1,1,1,1,1,0,1,2,0,0,1,0,1,1,0,1,0,1,1,1,0,1,2,0,0,1,0,1,2,1,1,1,1,0,0,1,1,0,2,1,0,0,0,0,0,0,0,0,0,0,0,1,1,2,0,0,1,0,0,0,0,0,0,1,0,0,0
1,0,0,0,0,1,0,0,1,0,0,1,1,0,0,0,1,1,0,0,1,0,0,1,0,1,0,0,0,0,0,0,1,1,0,0,0,1,0,2,0,0,0,0,1,0,0,0,1,0,0,0,1,1,1,0,1,1,0,0,1,0,0,0,1,1,0,0,1,1,0,0,0,0,0,0,0,0,1,1
0,1,1,1,0,0,0,0,0,2,1,0,0,1,0,0,1,0,1,1,0,0,0,0,2,0,0,0,0,1,2,1,2,0,1,1,1,2,0,0,1,0,0,0,1,1,0,1,1,2,2,1,0,1,1,2,0,1,0,1,1,0,1,0,0,0,0,0,0,1,1,0,0,0,0,0,0,0,1,1
0,0,0,0,0,0,2,0,0,2,2,0,0,1,2,0,0,0,0,0,1,0,0,1,0,1,0,0,0,2,2,1,2,1,1,0,0,2,2,0,0,0,0,0,0,1,2,1,0,1,1,1,1,0,0,0,1,0,0,1,1,1,0,0,0,1,0,0,0,0,2,0,0,0,0,0,1,0,0,0
0,0,0,0,0,0,0,0,0,0,1,0,0,1,1,1,0,0,0,2,0,0,0,1,0,1,1,0,0,1,0,1,0,0,0,2,0,0,1,0,0,2,0,0,0,2,0,0,1,0,1,0,1,0,0,0,0,0,0,1,0,1,0,1,2,0,0,0,0,1,2,2,2,2,2,0,0,0,0,2
1,1,1,1,0,0,0,0,0,0,1,0,0,1,1,1,0,0,0,2,0,0,0,0,0,0,0,0,0,1,1,1,1,0,0,2,0,1,0,1,1,2,1,0,1,1,0,1,0,0,1,0,0,1,1,0,0,1,0,0,0,1,0,0,1,1,0,1,0,0,2,1,1,1,1,0,1,0,0,0
1,1,1,1,0,1,0,0,0,0,1,0,0,1,1,1,0,0,0,0,0,0,0,0,0,0,1,0,0,1,1,1,1,1,0,0,0,0,1,1,1,0,0,1,1,0,2,0,0,0,2,0,1,1,1,0,0,1,1,0,0,0,0,0,0,0,0,0,1,0,0,0,0,0,0,1,0,0,0,1
0,0,0,0,0,0,2,0,0,2,2,0,0,2,2,0,0,0,0,0,1,0,0,0,0,0,0,0,0,1,0,1,2,1,2,0,0,0,1,0,0,0,0,0,0,2,0,0,1,0,0,0,0,1,1,0,0,1,0,0,0,0,0,0,1,0,1,0,1,0,0,1,1,1,1,0,0,0,0,1
0,2,2,2,0,0,0,0,0,0,1,0,0,1,1,1,0,0,0,2,0,0,0,0,0,0,1,0,0,0,2,1,2,1,0,0,0,1,0,1,2,0,0,0,1,0,0,0,1,1,0,0,2,2,2,1,1,2,0,0,1,2,1,0,1,0,0,0,0,0,2,1,1,1,1,1,0,0,0,1
1,1,1,1,0,0,0,0,0,0,1,0,0,1,1,1,0,1,0,1,2,0,0,0,0,0,1,0,0,1,1,1,1,0,0,0,1,0,1,0,1,1,0,0,0,2,0,0,0,0,2,1,0,0,0,0,1,0,0,0,1,0,0,1,0,0,1,0,0,1,0,1,1,1,1,1,0,0,0,0
0,0,0,0,0,0,0,0,0,0,1,0,0,1,1,0,0,0,0,0,1,0,0,0,0,0,0,0,0,0,0,1,0,1,2,1,2,0,1,0,0,2,0,0,1,2,0,0,0,0,1,1,0,0,0,1,1,0,1,0,1,0,0,0,1,1,0,0,1,1,0,1,2,1,2,0,1,0,0,0
1,0,0,0,0,0,1,0,0,1,0,0,0,0,0,0,0,0,1,1,1,0,0,0,0,0,0,0,0,1,0,1,0,0,0,2,1,1,0,0,0,2,0,0,0,0,2,1,0,1,0,0,0,2,2,0,1,2,2,0,0,0,0,0,0,1,0,0,1,0,2,1,1,1,1,0,0,0,0,2
0,0,0,0,2,0,1,0,0,1,0,0,0,0,0,0,0,0,1,1,1,0,0,0,0,0,1,0,0,0,2,1,1,2,2,0,1,1,0,0,0,0,0,2,0,1,2,0,0,0,0,0,1,1,1,0,1,1,1,0,0,0,0,0,1,0,0,0,0,2,1,2,2,2,2,0,1,0,1,1
1,1,1,1,0,0,0,0,0,0,1,0,0,1,1,1,0,2,2,1,0,0,0,0,1,0,0,0,0,0,0,1,2,0,2,0,0,2,0,0,1,2,0,0,0,0,0,0,0,0,2,1,0,0,0,2,0,0,1,0,1,0,1,2,0,0,0,0,0,0,0,0,1,0,1,0,0,1,1,0
0,2,2,2,2,0,0,0,0,0,1,0,0,1,1,1,0,0,0,2,0,0,0,0,1,0,0,0,0,2,0,1,0,0,1,0,0,1,0,0,2,1,0,1,0,2,0,0,0,0,0,0,1,0,0,2,0,0,1,0,2,1,1,0,1,0,0,0,0,1,0,1,0,1,0,2,2,0,0,0
0,0,0,0,1,0,0,0,0,0,1,0,0,1,1,0,0,1,0,1,1,1,0,1,0,2,1,0,0,0,1,1,1,1,1,0,0,0,1,0,0,2,0,1,0,0,1,0,0,1,1,0,1,0,0,0,0,0,0,0,1,1,0,1,0,0,1,0,0,1,0,1,1,1,1,2,2,0,0,1
1,1,1,1,0,0,0,0,0,0,1,0,0,1,1,0,0,1,1,1,1,0,0,0,0,0,1,0,0,0,1,1,1,1,0,0,1,2,1,1,1,0,1,0,1,0,0,0,0,0,1,1,1,2,2,0,1,2,0,0,2,0,0,0,1,0,0,0,0,0,2,0,0,0,0,2,2,0,0,0
0,0,0,0,1,0,2,0,0,2,2,0,0,2,2,1,0,0,1,0,0,0,0,1,0,1,0,0,0,2,0,1,0,0,0,1,1,0,1,0,0,0,1,1,0,0,0,0,0,0,1,1,0,1,1,1,2,1,1,0,0,0,0,1,0,1,1,0,0,1,2,1,1,1,1,0,0,0,1,1
0,0,0,0,0,1,2,0,0,2,2,0,0,2,1,0,0,0,1,1,0,0,0,1,0,1,0,1,0,2,1,1,1,0,1,1,0,0,1,1,0,1,0,0,2,2,1,0,0,0,0,1,0,2,2,2,0,2,0,0,0,0,0,0,1,0,2,0,0,1,0,1,1,1,1,2,2,0,0,1
0,1,1,1,1,0,2,0,0,2,2,0,0,2,2,1,0,0,1,1,0,0,0,0,0,0,1,0,1,0,0,1,1,0,0,0,1,0,1,0,0,1,0,1,0,0,2,0,0,0,0,1,1,0,0,1,1,0,1,0,0,1,0,0,0,0,0,0,0,1,0,2,2,2,2,0,0,0,0,1
1,2,2,2,0,0,0,0,0,0,1,0,0,1,1,1,0,2,0,0,1,0,0,0,2,0,0,1,0,1,2,1,2,0,1,1,1,1,0,0,2,0,0,0,1,1,1,1,0,0,1,0,1,0,0,2,0,0,2,0,0,0,1,1,1,0,0,0,0,0,2,0,0,0,0,0,1,0,0,1
1,1,1,1,0,0,0,0,0,0,1,0,0,1,1,0,0,1,0,0,0,0,0,0,0,0,1,0,1,2,0,1,0,1,0,0,1,0,1,2,1,2,0,0,1,1,0,0,0,0,0,0,1,0,0,0,1,0,0,0,1,1,1,1,0,1,0,0,0,1,1,1,1,1,1,0,0,1,1,1
0,2,0,2,2,0,2,0,1,2,1,1,1,1,0,0,1,0,2,1,0,1,0,0,0,2,0,0,0,1,0,1,1,0,2,1,1,0,0,0,0,0,1,2,1,1,0,0,0,2,2,1,0,0,1,2,0,1,1,0,1,0,0,0,0,1,1,0,0,0,1,0,2,0,2,1,2,0,0,1
1,1,1,1,2,0,0,0,0,1,0,0,0,0,0,0,0,1,0,2,0,0,0,1,0,1,0,0,0,1,1,2,2,0,2,0,0,1,0,0,1,0,1,2,0,0,0,0,1,1,1,0,0,2,2,1,2,2,0,0,1,1,0,0,0,1,0,0,0,0,0,2,2,2,2,1,0,0,0,0
0,1,1,1,2,0,2,0,0,2,2,0,0,2,2,0,0,0,0,0,0,0,0,0,0,0,2,0,2,0,2,2,2,1,0,0,1,1,0,1,1,0,1,2,0,0,1,0,0,0,1,1,1,0,0,0,1,0,0,0,0,1,0,1,1,1,0,1,0,0,0,0,0,0,0,0,1,0,0,0
0,1,1,1,0,0,2,0,0,2,2,2,0,2,1,2,0,0,0,0,0,0,0,0,1,0,0,0,0,0,0,1,0,1,1,0,0,1,0,0,1,0,1,1,0,0,2,0,0,1,2,0,1,0,0,2,0,1,1,0,1,0,0,0,0,1,0,0,0,1,1,0,0,0,0,1,0,0,0,1
0,0,0,0,0,0,2,0,2,2,0,2,2,0,0,0,2,0,0,1,2,0,0,0,1,0,1,0,0,1,2,0,1,0,0,1,1,1,0,1,0,2,2,0,0,1,0,0,0,1,1,0,1,2,2,0,1,2,1,0,2,0,0,0,0,2,2,0,0,0,1,0,0,0,0,0,0,1,0,1
1,2,2,2,1,0,2,0,2,2,0,2,2,0,0,0,2,0,0,2,0,1,0,0,0,1,1,0,0,1,2,0,0,0,1,1,1,1,0,1,2,2,2,1,0,1,0,0,0,0,1,1,1,2,2,0,0,2,1,0,0,0,0,0,0,0,2,0,0,0,1,0,0,0,0,0,2,0,0,1
0,0,0,0,2,0,0,0,0,0,1,0,0,1,1,0,0,1,0,1,1,0,0,0,0,0,1,0,0,1,1,0,1,0,0,0,0,1,0,0,0,1,2,2,0,1,1,0,2,0,2,0,0,2,2,0,0,0,0,0,0,0,0,0,0,0,0,0,0,0,2,0,0,0,0,1,0,0,0,0
1,0,0,0,1,1,0,0,1,0,0,1,1,0,0,0,1,2,0,0,1,0,0,0,0,0,0,0,0,1,1,1,1,0,1,0,0,1,0,0,0,2,1,1,1,0,0,0,0,2,2,0,0,1,1,0,0,0,0,0,0,0,0,1,0,1,1,0,0,1,1,0,0,0,0,1,0,0,0,0
0,2,2,2,1,0,1,0,0,1,0,0,0,0,0,0,0,0,0,0,1,0,0,0,0,0,0,0,0,2,0,0,0,1,0,2,0,1,0,1,2,0,1,1,1,1,1,1,0,1,1,1,1,0,0,0,0,1,1,1,0,0,0,1,2,0,0,0,1,0,2,0,0,0,0,0,1,0,0,1
0,1,1,1,1,0,2,0,2,2,0,2,2,0,0,0,2,1,0,2,0,0,0,0,2,0,0,0,0,0,1,0,0,1,1,0,1,1,0,0,1,2,1,1,0,1,1,0,0,0,2,0,1,0,0,2,0,0,1,0,0,0,0,0,0,0,0,0,0,1,1,0,0,0,0,1,2,0,0,1
0,2,2,2,0,0,0,0,0,0,1,0,0,1,1,1,0,0,1,1,1,0,0,0,0,0,0,0,0,0,0,1,0,1,2,2,0,1,0,2,2,0,1,0,0,0,0,0,1,1,1,0,0,0,0,1,1,0,1,0,2,0,0,0,0,2,0,1,0,0,2,1,1,1,1,2,2,0,0,0
1,2,2,2,0,1,1,0,0,1,0,0,0,0,0,0,0,1,0,2,0,0,0,0,0,0,0,0,0,0,0,1,1,1,1,0,1,2,0,1,2,2,2,1,0,2,1,0,0,0,1,0,1,0,0,1,1,0,0,0,0,0,0,1,1,2,0,1,0,0,1,0,0,0,0,1,0,0,0,1
1,0,0,0,0,1,2,0,2,2,0,2,2,0,0,0,2,2,0,0,1,0,0,1,0,1,0,0,0,0,2,0,1,0,1,2,0,1,0,0,0,2,2,0,0,1,2,2,0,0,0,0,0,0,0,0,0,0,1,1,0,0,2,0,0,1,0,0,0,2,0,0,0,0,0,1,0,0,0,1
0,0,2,2,0,0,1,0,0,1,0,0,0,0,0,0,0,0,0,0,1,0,0,0,0,0,0,0,0,2,1,1,1,0,1,1,1,2,1,0,2,2,0,0,0,0,0,1,0,0,1,0,0,2,2,1,2,2,2,0,1,1,0,1,0,0,1,1,0,0,1,1,1,1,1,2,2,0,0,1
0,2,2,2,0,0,0,0,0,0,1,0,0,1,1,1,0,0,0,1,2,0,0,0,0,0,1,0,0,2,0,0,0,0,0,1,1,0,1,0,2,1,0,0,1,0,0,0,0,0,0,0,0,1,1,0,1,1,0,0,0,0,0,0,0,0,1,0,0,1,0,0,0,0,0,1,0,0,0,1
0,0,0,0,2,0,0,0,1,0,0,0,0,0,0,0,1,1,0,0,0,0,0,1,0,1,0,0,0,2,1,0,1,0,2,2,0,0,1,0,0,0,1,2,0,1,0,0,0,1,1,1,0,0,0,0,1,0,1,0,1,1,0,0,0,1,1,1,0,1,0,0,0,0,0,0,1,0,0,1
0,0,0,0,1,0,0,0,0,0,1,0,0,1,1,0,0,1,0,1,1,0,0,0,1,0,1,0,0,0,2,1,1,1,1,1,2,1,0,1,0,1,0,1,0,0,1,1,0,0,2,0,1,0,0,2,0,1,0,0,0,0,0,0,1,2,1,1,0,0,1,0,0,0,0,0,0,0,1,2
0,2,2,2,0,0,1,0,0,1,0,1,0,0,0,0,0,0,0,0,0,0,0,1,0,1,0,0,0,2,0,2,1,1,2,1,0,1,0,0,2,0,0,0,0,1,0,0,0,0,1,0,2,0,0,0,1,0,0,0,1,0,0,0,0,2,0,0,0,0,2,0,0,0,0,1,0,0,0,1
1,1,1,1,2,0,0,1,0,2,1,0,0,1,0,0,1,0,0,1,0,0,0,0,1,0,0,0,0,1,0,0,2,0,0,1,1,1,0,0,1,1,0,2,2,0,0,0,0,1,0,0,0,0,0,0,1,0,1,0,1,0,1,0,0,1,0,0,0,1,0,1,1,1,1,0,2,0,2,2
0,0,0,0,0,0,1,0,0,1,0,0,0,0,0,0,0,1,0,1,2,0,0,1,0,1,0,0,0,2,1,0,1,0,1,0,1,1,0,0,0,2,1,0,1,2,0,1,0,0,1,0,1,1,1,0,1,1,0,0,1,0,0,1,1,2,1,0,0,1,0,0,0,0,0,1,2,0,1,1
1,1,1,1,0,0,0,0,0,0,1,0,0,1,1,1,0,0,1,0,0,0,0,0,0,0,0,0,0,1,0,1,1,0,1,1,1,2,2,0,1,0,0,0,1,0,0,0,1,0,0,0,2,0,0,1,1,0,1,0,0,0,0,0,0,0,0,0,0,2,1,1,1,1,1,0,1,0,0,0
0,1,1,1,0,1,2,0,2,2,0,2,2,0,0,0,1,1,0,0,1,0,0,0,0,0,2,2,0,0,0,0,1,2,0,0,1,1,0,0,1,0,0,0,0,0,0,0,0,1,0,0,1,0,0,1,0,0,1,0,2,1,0,0,0,1,1,0,0,0,0,0,0,0,0,1,2,1,1,0
1,1,1,1,0,0,0,0,0,0,1,0,0,1,1,1,0,1,0,0,1,0,0,1,0,1,0,0,0,0,2,1,2,2,1,2,0,2,1,0,1,0,0,0,0,2,0,1,0,1,0,0,0,0,0,2,0,0,1,0,0,0,0,0,0,2,1,0,0,0,1,0,0,0,0,1,0,0,0,1
0,0,0,0,0,0,0,0,0,0,1,0,0,1,1,1,0,0,0,2,0,0,0,2,0,2,0,0,0,0,1,0,0,0,1,1,1,2,1,0,0,1,1,0,1,1,0,1,0,1,1,0,0,1,1,0,1,1,0,0,0,0,0,1,1,1,1,0,0,0,0,0,0,0,0,2,2,0,0,1
0,0,0,0,0,0,0,0,0,0,1,0,0,1,1,0,0,1,0,2,0,0,0,0,0,0,0,0,0,0,0,1,0,0,1,2,0,1,0,0,0,0,0,0,0,0,2,1,0,0,1,0,0,2,2,0,0,0,0,0,1,0,0,0,1,0,1,0,0,0,2,1,1,1,1,1,0,0,0,2
0,2,2,2,0,0,1,0,0,1,0,0,0,0,0,0,0,0,0,2,0,0,0,1,0,1,0,0,0,0,1,1,1,1,0,0,1,0,1,1,0,0,1,0,0,2,0,0,1,1,0,1,1,0,0,1,1,0,1,0,1,2,0,1,0,1,1,0,0,2,1,0,0,0,0,0,0,0,0,2
0,0,0,0,0,1,0,0,0,0,1,0,0,1,1,0,0,1,0,1,2,0,0,1,0,1,0,0,0,1,1,1,1,0,1,0,1,0,1,0,0,2,0,0,2,0,2,0,0,1,2,0,0,0,0,2,0,1,1,0,0,0,0,0,1,2,2,0,1,0,0,1,1,1,1,0,0,0,0,1
1,2,2,2,2,2,0,0,0,0,1,0,0,1,1,1,0,1,0,0,1,0,0,0,0,0,1,1,0,0,2,1,0,1,2,0,1,1,1,1,2,0,1,2,0,2,2,2,0,0,0,2,1,0,0,0,0,0,1,0,1,0,0,0,2,0,0,0,0,0,2,0,0,0,0,0,0,1,1,1
0,0,0,0,1,0,1,0,0,1,0,0,0,0,0,0,0,0,1,0,0,0,0,0,1,0,0,0,0,2,1,0,1,1,1,0,0,1,0,0,0,2,0,1,1,0,2,0,0,1,1,1,1,2,2,0,0,2,0,0,0,1,1,1,2,2,2,0,0,0,2,2,2,2,2,0,1,0,0,1
0,0,0,0,1,1,2,0,2,2,0,2,2,0,0,0,2,1,0,2,0,1,0,0,0,1,0,0,0,2,0,0,0,1,0,1,2,0,1,0,0,2,1,1,0,1,2,0,0,0,1,2,1,1,0,1,0,1,1,0,0,0,0,0,0,2,1,0,0,0,1,0,0,0,0,1,1,1,0,2
0,0,0,0,0,0,0,0,0,0,1,0,0,1,1,0,0,0,0,0,1,0,0,0,0,0,0,0,0,1,1,0,2,1,0,0,0,1,0,1,0,1,0,0,0,0,1,0,1,1,0,1,1,0,0,1,1,0,2,0,0,0,1,0,0,0,0,0,2,0,1,1,1,1,1,1,0,0,1,0
0,0,0,0,1,1,0,0,0,0,1,0,0,1,1,0,0,0,1,0,0,0,0,1,0,1,0,0,0,0,0,1,1,0,0,0,1,0,0,1,0,2,0,1,0,0,2,1,0,1,0,0,1,0,0,0,0,0,0,0,1,0,0,0,0,1,0,0,1,1,1,1,2,1,2,0,0,0,0,2
1,1,1,1,0,0,1,0,0,1,0,0,0,0,0,0,0,0,0,0,1,0,0,1,0,1,0,0,0,1,1,2,1,0,0,2,0,2,1,0,1,0,0,0,0,1,0,0,0,0,1,0,2,2,2,0,1,2,2,0,1,2,0,0,0,0,0,0,1,1,1,1,1,1,1,0,1,0,0,2
1,1,1,1,0,0,0,0,0,0,1,0,0,1,1,0,0,1,0,1,1,0,0,0,0,0,0,0,0,1,0,1,0,0,0,1,1,1,0,0,1,1,0,0,0,2,1,0,0,0,1,0,1,2,2,0,0,2,1,0,2,0,0,0,0,0,0,0,0,0,2,0,0,0,0,0,0,0,0,1
0,0,0,0,0,0,0,0,0,0,1,0,0,1,1,0,0,1,0,0,1,0,0,0,0,0,1,0,0,1,0,0,0,0,1,1,2,0,1,0,0,1,0,0,1,0,0,0,0,1,1,1,0,2,2,1,0,2,0,0,0,0,2,1,0,0,1,0,0,1,2,0,0,0,0,0,1,0,0,0
1,1,1,1,1,0,0,0,0,0,1,0,0,1,1,1,0,1,1,1,1,0,0,0,0,0,1,0,0,0,0,0,0,0,2,0,1,1,0,1,1,0,0,1,0,0,0,1,0,1,0,0,0,1,1,0,0,1,1,0,1,0,0,1,1,0,0,0,0,0,0,1,1,1,0,0,0,0,1,0
1,1,1,1,1,0,0,0,0,0,1,0,0,1,1,0,0,0,0,2,0,0,0,1,0,1,0,0,0,2,0,0,1,0,1,0,0,2,1,0,1,2,0,1,0,2,0,0,1,0,1,0,1,0,0,0,1,1,1,0,1,0,0,0,1,1,0,0,1,1,1,0,0,0,0,1,0,0,0,0
0,0,0,0,1,0,2,0,0,2,2,0,0,2,2,0,0,2,0,0,1,0,0,0,0,0,0,0,0,1,1,1,1,2,1,2,0,1,0,0,0,0,1,1,0,0,0,0,0,1,2,0,1,0,0,0,0,0,0,0,0,0,0,0,0,0,1,0,1,0,0,0,0,0,0,0,1,0,0,0
1,2,2,2,0,0,1,0,0,1,0,0,0,0,0,0,0,0,0,1,2,0,0,0,0,0,1,0,0,0,0,0,0,0,1,2,1,1,0,0,2,0,0,0,0,2,0,0,0,1,1,0,0,1,1,2,0,0,1,0,0,1,0,0,1,2,0,0,0,1,0,1,1,1,1,1,0,0,0,0
1,0,0,0,2,1,0,0,1,0,0,1,1,0,0,0,1,1,0,0,1,0,0,1,1,1,0,0,0,2,1,0,1,0,0,2,0,1,0,0,0,1,0,2,0,2,2,1,0,1,0,1,1,2,2,0,0,2,1,0,1,0,0,0,0,1,1,0,1,2,1,0,0,0,0,1,0,0,0,1
0,0,0,0,0,0,0,0,0,1,0,0,0,0,0,0,0,0,0,0,1,0,0,0,0,0,1,0,0,0,1,0,2,0,0,0,0,0,1,0,0,0,1,0,0,1,0,1,0,0,1,1,1,0,0,1,2,2,1,0,0,0,1,0,0,1,0,1,0,1,0,2,2,2,2,1,0,0,0,0
1,1,1,1,0,0,2,0,0,2,2,0,0,2,2,2,0,0,1,0,1,0,0,1,0,1,0,0,0,2,2,0,2,0,0,1,1,1,1,0,1,1,0,1,0,1,1,1,1,1,1,0,0,0,0,2,0,1,1,0,0,1,0,0,2,1,1,0,0,1,0,1,1,1,1,0,0,0,0,1
0,0,0,0,0,0,1,0,0,1,0,0,0,0,0,0,0,0,0,0,1,0,0,0,0,0,0,0,0,2,1,0,1,2,2,2,0,1,0,1,0,0,0,0,0,0,1,0,0,0,1,0,1,1,0,1,2,1,1,0,0,1,0,0,1,2,0,0,0,0,0,0,0,0,0,0,0,0,1,0
0,0,0,0,0,0,2,0,2,2,0,2,2,0,0,0,2,2,0,2,0,1,0,0,1,1,0,0,0,0,1,0,0,0,2,1,1,1,0,0,0,1,1,0,0,0,0,0,0,1,0,0,0,1,1,2,0,1,1,0,0,1,0,0,0,1,0,0,0,0,1,0,0,0,0,0,0,0,1,1
0,2,2,2,1,0,0,0,0,0,1,0,0,1,1,1,0,0,0,0,1,0,0,0,0,0,0,0,0,0,1,0,1,0,1,1,1,0,1,1,2,0,2,1,0,0,0,0,0,0,0,0,0,0,0,0,1,0,1,0,0,0,0,0,1,0,1,0,0,1,0,1,0,1,0,1,0,0,0,0
1,0,0,0,1,0,0,0,1,0,0,1,1,0,0,0,1,1,0,0,1,0,0,0,0,0,0,0,0,2,1,0,1,0,0,0,1,1,0,1,0,2,0,1,1,0,0,0,0,2,0,0,2,2,2,0,1,2,0,0,0,0,0,0,1,0,0,0,0,1,0,0,0,0,0,1,2,0,1,0
1,1,1,1,0,0,1,0,0,1,0,0,0,0,0,0,0,0,0,0,0,0,0,1,0,1,0,0,0,0,0,1,0,0,2,1,0,0,1,0,1,1,0,0,0,0,0,0,0,1,2,0,1,0,0,0,1,0,1,0,1,0,0,0,1,1,1,0,1,0,0,1,1,1,1,1,0,0,0,1
1,1,1,1,0,1,0,0,1,0,0,0,1,0,0,0,1,0,1,0,0,0,0,1,0,1,0,0,0,0,1,1,0,1,1,1,0,2,1,0,0,1,2,1,0,1,0,0,0,0,1,0,2,1,1,0,1,1,0,0,0,0,0,1,0,2,1,0,0,0,1,1,1,1,1,0,1,0,0,2
0,1,1,1,1,1,2,0,2,2,0,1,2,0,0,0,2,0,0,1,1,0,0,0,2,0,0,0,0,1,0,1,2,1,1,2,0,1,0,0,1,2,1,1,0,0,0,0,0,0,1,0,2,2,2,2,0,2,1,0,0,0,1,1,1,2,0,0,0,1,1,1,1,1,1,2,2,0,0,0
1,0,0,1,1,0,0,0,0,0,1,0,0,1,1,1,0,0,0,0,1,0,0,1,0,1,0,0,0,1,0,0,0,1,0,0,0,0,0,1,1,0,0,1,0,0,2,0,0,0,1,0,0,0,0,0,1,0,1,1,2,0,0,0,1,0,1,0,0,1,0,0,0,0,0,1,0,0,0,0
0,1,1,2,0,0,1,0,0,1,0,0,0,0,0,0,0,0,1,1,1,0,0,0,0,0,0,0,0,0,0,2,0,1,0,0,0,0,1,0,2,1,0,0,0,0,0,0,0,0,0,0,0,0,0,0,1,0,0,0,1,0,0,0,1,1,0,0,0,0,2,0,0,0,0,2,2,0,0,1
0,1,1,1,0,0,2,0,2,2,0,2,2,0,0,0,2,2,0,0,1,0,0,0,0,0,0,0,0,1,0,1,1,0,0,0,0,0,1,1,1,2,1,0,0,0,0,0,1,0,0,0,0,2,2,2,0,0,1,0,0,0,0,0,0,0,1,0,0,1,0,0,0,0,0,1,2,0,1,0
1,0,0,0,0,0,0,1,1,2,0,1,1,0,1,0,1,0,0,1,0,1,0,0,1,1,0,0,0,1,1,0,2,0,0,0,0,0,0,0,0,1,0,0,0,2,2,0,0,2,2,1,0,2,0,2,0,0,0,0,1,0,1,0,0,2,0,0,0,1,0,1,1,1,1,0,1,0,0,0
1,1,1,1,0,0,0,0,0,2,1,0,0,1,1,1,1,0,1,1,1,0,0,0,1,0,0,0,0,0,2,0,2,0,0,1,0,0,0,0,1,2,0,0,0,0,1,0,0,1,2,0,0,1,1,2,0,1,1,0,1,1,1,0,0,1,0,0,0,1,0,0,0,0,0,0,1,0,0,1
1,1,1,1,0,1,0,0,0,0,1,0,0,1,1,1,1,0,0,0,1,0,0,0,1,0,1,0,0,0,0,1,1,0,0,1,0,1,1,1,1,0,1,0,1,0,0,1,1,1,2,0,1,2,2,2,0,2,0,0,0,1,0,0,0,0,0,0,0,0,0,0,2,0,2,1,2,0,0,1
1,1,1,1,0,0,1,0,0,1,0,0,0,0,0,0,0,1,0,1,2,0,0,0,0,2,1,0,0,0,1,1,2,0,1,1,1,1,0,0,1,0,0,0,0,1,0,0,0,1,0,1,1,1,1,0,1,1,0,0,1,0,0,1,1,1,0,1,0,1,0,1,1,1,1,1,0,0,0,1
0,0,0,0,0,0,0,0,0,0,1,0,0,1,1,0,0,1,1,1,0,0,0,1,0,1,0,0,0,2,2,0,2,0,1,0,1,0,1,0,0,2,1,1,0,0,0,0,0,0,0,0,0,0,0,0,0,0,1,0,1,0,0,0,1,1,1,0,0,1,2,1,0,1,0,0,1,0,0,1
0,2,2,2,0,0,1,0,0,1,0,0,0,0,0,0,0,0,0,0,1,0,0,0,0,0,0,0,0,1,0,0,1,0,0,1,1,0,1,0,2,0,1,0,1,1,0,0,1,1,1,1,0,2,2,1,1,2,1,0,1,0,0,0,0,0,0,0,0,0,1,0,0,0,0,0,0,0,1,0
1,1,1,1,1,0,1,0,0,0,0,0,0,0,0,0,1,0,0,0,0,0,0,0,0,2,1,0,0,0,1,1,2,0,0,0,0,0,1,0,1,0,0,1,0,1,2,0,0,0,2,1,0,1,1,0,1,1,0,0,1,1,1,1,1,1,1,1,0,0,1,0,1,0,0,1,0,0,0,1
0,0,0,0,1,1,2,0,2,2,0,1,2,0,0,0,2,1,0,0,1,0,0,1,1,1,0,0,0,0,0,1,0,1,0,1,0,1,0,0,0,0,1,1,0,0,1,0,0,1,1,1,1,0,0,0,0,0,1,0,2,0,0,0,1,0,2,0,0,0,1,0,0,0,0,0,2,1,2,1
1,1,1,1,0,0,0,0,0,0,0,0,0,0,0,0,0,1,2,1,0,0,0,0,2,0,0,0,0,1,0,0,2,0,1,1,2,0,1,0,1,0,1,0,2,2,2,0,0,1,1,0,1,0,0,0,1,0,0,0,1,0,0,0,0,2,0,0,0,1,1,0,0,0,0,0,0,0,0,0
0,2,2,2,0,0,0,0,1,0,1,0,0,1,2,0,0,0,0,1,2,1,0,0,0,1,0,0,0,0,0,0,0,0,2,0,1,2,1,1,2,1,0,0,0,1,0,0,1,0,0,1,0,0,0,2,0,0,2,0,0,0,0,0,1,0,0,0,0,0,2,0,0,0,0,1,2,0,0,2
1,0,0,0,0,0,0,0,1,0,0,2,1,0,0,0,1,0,0,2,0,0,0,1,0,0,0,0,0,2,0,0,0,0,1,2,0,1,0,0,0,0,2,0,0,0,1,0,0,1,0,1,2,1,1,1,1,1,1,0,0,0,1,0,0,0,0,0,0,1,1,0,0,0,0,0,0,0,0,0
0,0,0,0,0,0,2,0,1,2,1,1,1,1,2,2,0,0,0,2,0,0,0,0,0,1,0,0,0,0,1,0,1,0,0,0,0,1,0,2,0,1,2,0,0,1,2,0,1,1,1,0,1,1,1,0,0,1,0,0,0,0,0,0,0,0,0,0,0,2,0,1,0,1,1,0,2,0,0,2
1,1,1,1,0,0,0,0,0,0,1,0,0,1,1,0,0,1,0,1,1,0,0,0,0,0,0,0,0,1,1,0,0,0,0,1,1,1,0,1,1,0,0,0,1,2,0,1,1,1,1,1,0,0,0,0,0,0,0,0,0,0,1,0,0,1,1,0,1,0,2,1,0,1,0,0,2,0,1,0
0,0,0,0,0,0,0,0,0,0,1,0,0,1,1,1,0,0,0,2,0,0,0,0,0,0,0,0,0,1,0,1,1,1,1,0,0,0,0,0,0,1,0,0,0,0,0,0,0,1,1,0,0,0,0,2,0,1,0,0,0,1,1,0,0,2,0,1,0,0,0,0,0,0,0,1,2,0,1,1
0,1,1,1,0,2,2,0,2,2,0,2,2,0,0,0,1,1,0,1,2,0,0,0,0,0,1,0,0,1,1,2,1,0,0,1,1,1,0,0,1,2,0,1,0,1,2,1,0,0,1,1,2,0,0,2,0,0,0,0,1,0,0,0,1,1,2,0,0,0,2,0,0,0,0,0,1,0,0,1
0,0,0,0,0,0,0,0,1,0,1,0,0,1,1,0,0,1,0,2,0,0,0,0,1,0,0,0,0,1,1,0,1,1,2,2,0,2,2,1,0,2,1,0,0,2,0,0,0,0,1,0,0,0,0,1,0,1,1,0,1,0,0,0,0,0,1,0,1,1,0,2,2,2,2,0,0,0,0,0
0,0,0,0,0,0,0,1,0,0,1,0,0,1,0,1,0,0,1,1,1,0,0,0,0,0,0,0,0,0,0,0,0,0,1,0,1,0,1,0,0,2,1,0,0,0,0,0,0,0,1,1,1,0,2,1,0,0,2,0,1,0,0,0,1,0,0,0,0,2,2,0,0,0,0,0,0,0,0,1
1,1,1,1,1,0,0,0,0,0,1,0,0,1,1,1,0,0,1,0,0,0,0,0,0,0,0,0,0,2,0,0,0,0,1,0,1,1,0,0,1,1,1,1,0,2,0,0,0,1,1,0,0,0,0,1,1,0,1,0,2,1,1,0,0,2,0,0,0,0,0,0,0,0,0,1,0,0,0,1
0,0,0,0,0,0,1,0,0,1,0,0,0,0,0,0,0,0,0,1,1,0,0,0,0,0,0,0,0,0,1,0,0,0,0,2,0,0,1,0,0,0,0,0,0,1,0,0,1,0,1,1,1,0,0,0,1,0,1,1,0,0,0,0,1,1,0,0,0,1,1,0,0,0,0,1,2,0,0,0
0,0,0,0,2,1,2,0,2,2,0,2,2,0,0,0,2,1,0,0,1,0,0,0,0,0,1,0,1,0,0,1,2,0,1,0,0,1,1,0,0,0,2,2,1,2,0,2,0,0,2,1,2,0,0,2,0,0,1,0,1,0,0,0,0,0,0,0,0,0,1,0,0,0,0,1,0,0,0,1
1,0,0,0,1,1,1,0,0,1,0,0,0,0,0,0,0,1,0,0,1,0,0,0,0,0,0,0,0,0,0,0,1,2,0,0,0,0,1,0,2,0,1,1,1,0,0,0,1,1,0,0,0,0,0,0,1,0,1,0,1,0,0,0,0,0,0,0,0,1,0,0,0,0,0,0,0,0,0,1
0,0,0,0,0,0,0,0,0,0,1,0,0,1,1,1,0,0,1,1,1,0,0,0,1,0,0,0,0,0,1,1,1,0,0,0,1,1,0,0,0,0,0,0,1,2,2,0,1,1,1,0,1,2,2,1,1,2,0,0,1,1,0,0,1,0,1,1,0,2,0,0,0,0,0,1,0,0,0,0
0,2,2,2,1,0,0,0,0,0,1,0,0,1,1,0,0,1,0,2,0,0,0,1,0,0,1,0,0,0,0,0,0,0,0,2,0,0,1,0,2,0,0,1,1,0,0,0,0,2,0,0,0,2,2,2,0,2,1,0,0,0,0,1,0,1,0,0,0,0,2,0,0,0,0,1,0,0,0,0
0,0,0,0,0,0,2,0,0,2,2,0,0,2,2,0,0,0,1,1,1,0,0,0,0,0,0,0,0,2,1,0,1,0,1,1,0,1,0,0,0,0,1,0,0,0,0,0,1,0,0,2,0,1,1,0,1,0,0,0,0,0,0,0,0,0,0,0,0,0,1,1,1,1,1,0,0,0,0,0
0,0,0,0,0,0,1,0,1,0,0,2,0,0,0,0,0,0,0,2,0,0,0,0,2,0,0,0,0,0,2,0,2,0,0,2,0,1,0,0,0,0,0,0,0,0,0,0,0,1,0,1,0,1,1,2,0,1,1,0,0,0,0,0,1,0,0,0,0,0,0,2,0,2,0,0,0,0,0,0
1,1,1,1,2,0,0,0,0,1,0,0,0,0,0,0,0,0,1,1,1,0,0,0,0,0,0,0,0,0,1,0,2,0,0,0,0,0,0,0,1,0,2,1,2,1,1,1,1,2,1,1,0,0,0,0,1,0,0,1,1,0,2,0,0,0,0,0,0,1,0,1,0,1,0,0,0,0,0,0
0,2,2,2,0,0,0,0,1,0,0,1,1,0,0,0,1,1,0,2,0,0,0,1,0,1,0,0,0,1,0,0,0,1,1,1,1,0,1,0,2,0,0,1,1,0,1,0,1,0,1,1,1,0,0,0,0,0,1,0,1,1,0,0,1,0,1,0,0,1,2,1,1,1,1,2,2,0,0,1
0,2,2,2,0,0,0,0,0,1,0,0,0,0,0,0,1,0,1,0,0,0,0,1,1,1,0,0,0,1,1,1,1,0,0,2,1,0,0,0,2,2,2,0,0,2,1,0,1,0,0,0,2,1,1,1,2,0,1,0,0,1,0,1,0,0,1,0,0,1,0,1,1,1,0,1,0,0,0,2
0,0,0,0,0,0,1,0,0,1,0,0,0,0,0,0,0,1,1,1,1,0,0,0,0,0,0,0,0,2,1,0,1,1,1,2,0,1,0,0,0,0,0,0,0,0,0,0,1,0,1,0,1,1,1,2,0,1,0,1,0,0,0,0,1,0,0,0,0,1,0,2,2,2,2,1,0,0,0,0
0,2,2,2,0,0,0,0,0,0,1,0,0,1,1,1,0,0,0,0,1,0,0,0,0,0,0,0,0,0,1,0,0,1,0,0,0,1,0,1,2,2,2,0,1,0,0,0,2,0,1,1,1,2,2,0,0,2,1,0,1,0,0,0,0,2,1,0,0,1,0,0,0,0,0,1,0,0,0,2
1,1,1,1,0,0,1,0,0,1,0,0,0,0,0,0,0,0,0,0,1,0,0,0,0,0,1,0,0,0,0,0,0,1,1,0,0,1,0,0,1,0,0,1,0,1,0,0,2,0,0,0,0,0,0,0,1,2,0,0,0,1,0,0,2,2,0,0,0,1,0,0,0,0,0,0,1,0,0,1
1,2,2,2,0,1,0,0,1,0,0,1,1,0,0,0,1,1,0,1,2,0,0,0,1,0,0,0,0,1,1,0,1,1,1,0,1,1,0,0,2,2,2,2,0,0,0,1,1,1,0,2,1,0,0,1,0,0,0,0,0,1,0,0,0,1,1,0,0,2,1,0,0,0,0,1,0,0,0,1
1,1,1,1,0,0,0,0,0,0,1,0,0,1,1,0,0,1,1,1,1,0,0,0,0,0,0,0,0,0,1,1,1,1,2,1,2,1,0,0,1,0,1,1,0,1,0,0,2,0,0,0,1,0,0,1,0,2,0,0,0,1,0,0,0,0,1,1,0,1,2,0,0,0,0,0,0,0,0,1
1,1,1,1,0,0,1,0,0,1,0,0,0,0,0,0,0,1,1,1,1,0,0,0,0,0,0,0,0,1,1,1,0,2,1,0,0,0,1,0,1,0,0,1,1,2,0,0,2,2,1,0,0,0,0,0,0,0,2,0,0,0,0,0,0,0,0,0,0,1,1,0,1,0,1,0,1,0,0,2
0,0,0,0,0,0,2,0,0,2,2,0,0,2,2,1,0,1,0,0,1,0,0,0,1,0,0,0,0,1,1,2,1,0,1,2,0,1,1,0,0,1,0,1,1,0,2,0,2,0,0,0,0,0,0,0,1,1,1,0,0,0,0,0,0,1,0,0,0,0,1,1,1,1,1,1,2,0,0,1
0,0,0,0,0,0,0,0,0,0,1,0,0,1,1,1,0,0,0,1,1,0,0,0,1,0,0,0,0,1,0,0,0,1,2,2,0,0,1,0,0,1,0,0,1,0,1,0,1,0,1,1,0,0,0,0,0,0,1,0,1,1,0,0,1,1,0,0,0,2,1,0,1,0,1,1,0,0,0,0
0,0,0,0,0,0,1,0,0,1,0,0,0,0,0,0,0,1,1,0,0,0,0,0,0,0,1,0,0,0,0,0,0,1,0,0,0,1,0,0,0,0,0,0,0,0,0,0,2,0,1,0,1,2,2,1,0,2,1,0,1,0,0,0,0,0,1,0,0,1,0,0,0,0,0,1,0,0,0,0
0,0,0,0,1,0,2,0,1,2,1,1,1,1,2,2,0,0,0,0,0,0,0,0,0,0,1,0,0,0,0,2,0,0,1,0,1,0,0,1,0,2,1,1,0,1,0,1,1,1,0,0,1,1,1,0,0,1,1,0,1,0,0,0,0,0,1,0,0,0,2,0,0,0,0,0,1,0,0,0
1,2,2,2,1,2,2,0,1,2,1,1,1,1,1,1,1,1,0,2,0,0,0,0,1,0,1,0,0,1,1,2,0,0,0,1,1,0,0,0,2,0,0,1,0,1,0,1,0,0,2,1,1,2,2,1,0,2,1,0,1,0,1,0,0,1,1,0,1,0,0,1,1,1,1,1,0,0,0,1
0,1,1,1,0,0,0,0,0,0,1,0,0,1,1,0,0,0,2,1,0,0,0,0,0,0,0,0,0,2,0,1,2,1,1,1,0,2,2,1,0,1,0,1,0,1,0,0,0,0,0,0,0,1,1,1,2,1,0,0,1,1,0,1,0,0,1,1,0,0,0,1,1,1,1,1,0,0,0,0
1,2,2,2,0,0,0,0,1,1,0,1,1,0,0,0,1,1,0,1,1,0,0,0,0,0,1,0,0,2,0,1,0,0,0,1,1,1,0,0,2,0,0,0,1,1,1,0,1,2,1,1,0,0,0,0,1,0,0,0,0,0,0,0,0,1,0,0,0,1,0,1,1,1,1,0,0,0,1,1
1,1,1,1,0,1,0,0,0,0,1,0,0,1,1,0,0,1,0,2,0,0,0,0,0,0,1,0,0,1,2,0,2,0,1,2,0,1,0,0,1,0,0,1,1,0,0,1,0,1,1,0,0,2,2,1,0,2,1,0,1,0,0,0,0,1,0,0,0,0,2,0,0,0,0,0,1,0,0,1
0,2,2,2,1,0,0,0,0,0,1,0,0,1,1,0,0,2,0,0,1,1,0,0,0,1,1,0,0,1,2,0,2,0,1,1,1,1,0,0,2,0,1,1,1,0,0,0,0,0,1,1,0,0,0,0,0,0,0,0,2,1,0,0,1,1,0,0,0,0,0,1,1,1,1,1,0,0,0,1
1,1,1,1,1,0,2,1,1,2,0,1,1,0,1,0,1,0,1,1,1,0,0,0,1,0,1,0,0,1,2,1,2,0,0,1,0,1,1,0,1,2,0,1,0,1,1,0,0,1,2,2,1,1,1,2,0,1,0,0,1,1,2,0,1,0,1,0,0,1,1,0,0,0,0,0,2,0,2,0
1,1,1,1,1,0,1,0,0,0,0,0,0,0,0,0,1,0,0,1,1,0,1,0,0,1,1,0,0,1,1,0,2,0,2,1,1,0,1,0,1,0,0,1,0,0,1,0,1,1,2,1,2,0,0,0,1,0,1,0,1,1,0,0,1,2,0,0,0,1,0,2,1,2,1,0,2,0,0,2
1,1,1,1,1,0,0,0,0,0,1,0,0,1,1,1,0,0,1,1,1,0,0,0,1,0,0,0,0,0,1,0,0,1,2,0,0,1,0,0,1,0,1,1,2,2,2,0,0,0,0,0,1,1,1,1,2,0,1,1,0,0,0,0,0,0,0,0,0,0,0,0,0,0,0,0,1,0,0,0
1,0,0,0,0,0,0,0,1,1,0,1,1,0,0,0,1,1,1,0,0,0,0,1,0,0,1,0,0,1,0,0,0,1,1,0,1,0,1,0,0,0,1,0,1,1,1,1,0,0,0,1,0,0,2,2,0,0,1,0,2,0,0,0,0,0,1,0,0,1,0,0,0,0,0,0,1,0,0,0
0,0,0,0,0,0,1,0,0,1,0,0,0,0,0,0,0,0,0,0,1,0,0,0,1,0,0,0,0,1,1,1,0,1,0,0,1,0,1,0,0,0,0,0,0,0,0,0,0,0,0,0,1,0,0,2,0,0,0,0,0,2,0,0,1,2,1,0,0,1,0,1,1,1,1,0,1,0,0,1
1,0,0,0,1,0,0,0,1,2,0,2,1,0,1,1,1,0,1,1,0,0,0,1,0,1,0,0,0,1,1,0,2,0,1,2,0,1,1,0,0,0,1,1,0,0,0,1,1,2,0,1,0,0,1,2,0,1,1,0,1,0,0,0,0,1,0,1,0,1,0,0,1,0,1,0,2,0,0,1
1,1,1,1,0,0,0,0,0,0,1,0,0,1,1,0,0,1,1,1,0,0,0,0,0,0,0,0,0,0,0,1,0,0,2,1,1,0,1,1,1,2,0,0,0,2,1,0,0,0,1,1,0,2,2,0,1,2,1,0,0,0,0,1,1,0,0,0,0,0,0,0,0,0,0,1,2,0,0,0
1,0,0,0,0,0,0,0,0,0,1,0,0,1,1,0,0,1,1,0,0,0,0,1,0,1,0,0,0,1,1,1,0,0,1,0,1,2,2,1,0,0,0,1,1,0,0,0,1,0,1,0,1,0,0,0,1,0,0,0,0,0,0,0,1,0,1,0,0,2,0,0,0,0,0,0,1,0,0,0
1,1,1,1,0,1,0,0,0,0,1,0,0,1,1,1,0,0,0,2,0,0,0,0,0,0,1,0,0,0,0,1,0,1,1,0,1,1,0,0,1,0,1,0,0,1,0,0,1,1,0,0,2,0,0,0,0,0,1,0,2,0,0,0,1,0,1,0,0,1,2,1,1,1,1,1,0,0,0,1
1,1,1,1,0,0,2,0,1,2,1,1,1,1,2,1,0,1,1,1,1,0,0,0,0,0,0,0,0,0,2,0,0,0,0,0,1,1,0,0,1,0,0,1,0,1,0,0,0,1,1,0,1,0,0,2,0,0,0,0,0,0,1,1,0,1,0,1,0,1,1,0,0,0,0,0,1,0,0,1
1,1,1,1,0,1,0,1,0,2,1,2,0,1,1,1,1,0,0,2,0,2,0,0,0,2,0,0,0,0,2,1,2,1,1,0,0,1,0,1,1,0,1,2,1,0,1,1,0,1,0,0,0,0,0,0,1,2,1,0,0,0,0,1,0,2,1,0,0,0,0,0,0,0,0,1,2,0,1,1
0,1,1,1,0,0,0,0,0,0,1,0,0,1,1,1,0,0,0,1,2,0,0,0,0,0,1,0,0,1,1,2,1,0,1,1,1,2,2,0,1,1,1,0,0,1,0,0,0,1,1,0,0,1,1,0,1,1,1,0,1,1,0,0,0,1,1,0,0,1,0,1,2,1,2,0,0,0,1,2
1,2,2,2,0,0,1,0,1,2,1,1,1,1,1,1,1,1,0,2,0,0,0,0,0,0,1,0,0,2,1,1,1,0,1,0,0,0,0,0,2,1,2,1,0,0,0,0,1,0,1,1,1,0,0,0,1,0,1,0,0,2,1,0,0,1,0,0,1,1,2,1,0,0,0,1,2,0,0,0
1,1,1,1,0,0,1,0,0,1,0,0,0,0,0,0,0,0,1,0,0,0,0,0,0,0,1,0,0,1,1,1,1,0,0,2,0,1,0,0,1,1,0,0,1,2,2,0,1,0,1,0,0,0,0,2,0,0,1,0,0,2,0,1,0,2,1,0,0,0,2,0,0,0,0,0,0,0,1,0
0,0,0,0,0,0,0,0,0,0,1,2,0,1,1,0,0,1,0,0,1,0,0,0,0,0,0,0,0,0,1,0,2,2,0,0,0,0,1,0,0,1,0,0,0,1,0,0,1,1,1,0,1,1,1,1,2,1,2,0,1,0,0,0,0,0,0,0,1,1,2,0,1,0,1,0,1,0,0,1
0,0,0,0,0,0,1,0,0,1,0,0,0,0,0,0,0,0,0,0,1,0,0,0,0,0,0,0,0,0,0,0,0,0,2,0,1,0,1,0,0,2,1,0,1,1,1,0,2,1,1,0,0,0,0,0,0,0,1,0,2,0,0,0,0,1,0,0,2,2,2,1,1,1,1,0,2,1,2,0
1,0,2,2,0,1,0,0,0,0,1,0,0,1,1,0,0,1,0,1,2,0,0,0,0,0,2,0,0,0,0,0,0,1,1,1,2,0,0,1,2,0,1,0,0,0,1,0,0,0,1,1,1,1,1,0,0,0,0,0,2,1,1,1,0,1,0,0,1,0,2,0,0,0,0,1,0,0,0,1
1,0,0,0,0,0,0,0,0,0,1,0,0,1,1,0,0,1,0,1,2,0,0,0,0,0,1,0,0,0,1,1,1,1,0,2,0,1,0,1,0,1,0,0,1,1,1,0,2,1,1,1,0,0,0,0,0,0,0,0,1,0,0,0,0,0,1,0,0,0,2,2,2,2,2,0,2,0,1,1
1,0,0,0,0,1,0,0,1,0,0,1,1,0,0,0,1,1,0,0,1,0,0,0,0,0,1,0,0,0,1,1,0,1,0,1,1,1,0,1,0,0,1,0,0,1,2,1,0,1,1,1,1,0,0,2,0,0,0,0,1,1,0,0,1,1,0,0,0,1,0,0,0,0,0,0,0,0,1,1
0,1,1,1,1,0,2,0,0,2,1,0,0,1,1,0,1,1,1,0,0,0,0,0,0,0,1,0,0,1,0,1,0,1,1,0,1,1,0,0,1,2,2,1,1,1,0,0,0,0,0,1,0,1,1,1,1,1,2,1,1,0,0,0,1,0,1,0,0,1,1,0,0,0,0,1,2,1,1,1
1,1,1,1,0,0,0,0,0,1,0,0,0,0,0,0,0,0,1,0,0,0,0,0,0,0,0,0,0,0,0,1,1,0,1,1,2,1,0,0,1,1,1,0,1,2,0,0,0,1,2,2,1,2,2,1,0,2,0,1,0,0,0,0,0,0,0,1,1,0,0,1,0,1,0,1,0,0,1,0
1,0,0,0,0,0,1,0,0,1,0,0,0,0,0,0,0,0,0,0,1,0,0,0,0,0,0,0,0,2,2,0,2,0,0,0,2,1,0,0,0,0,1,0,1,0,0,0,0,1,1,1,0,2,2,2,0,0,1,1,0,0,0,0,1,1,1,1,0,2,2,0,0,0,0,0,1,0,0,0
0,0,0,0,1,0,1,0,0,1,0,0,0,0,0,0,0,1,1,0,0,0,0,0,0,0,1,0,0,0,2,1,2,0,1,2,0,0,1,0,2,1,1,1,0,0,1,1,0,1,1,0,1,0,0,1,1,0,0,0,0,1,0,0,0,0,0,0,1,1,1,0,0,0,0,0,1,0,0,0
0,0,0,0,1,0,0,0,0,0,1,0,0,1,1,0,0,0,1,0,0,0,0,0,0,0,0,0,0,0,0,0,0,0,1,0,1,0,1,0,0,0,2,1,1,1,0,0,1,0,0,0,1,0,0,0,1,0,1,0,1,0,1,0,0,0,2,0,0,2,1,2,2,2,2,1,0,0,0,0
0,0,0,0,1,0,0,0,0,0,1,0,0,1,1,1,0,1,0,2,0,0,0,0,0,0,1,0,0,0,0,0,0,1,1,0,1,0,1,0,0,2,0,1,2,0,0,1,1,1,0,0,0,0,0,0,0,0,1,0,0,0,0,0,0,0,1,0,0,0,0,0,0,0,0,1,2,0,1,1
1,1,1,1,1,0,1,0,0,1,0,0,0,0,0,0,0,1,1,1,1,0,0,0,0,0,0,0,0,0,0,1,0,0,1,2,1,0,1,0,1,0,0,1,0,0,0,0,0,1,1,0,1,1,1,0,0,1,1,0,1,0,0,0,1,0,1,0,0,0,0,0,0,0,0,2,2,0,0,0
1,1,1,1,0,0,0,0,0,0,1,0,0,1,1,1,0,0,2,1,0,0,0,0,0,0,1,0,0,1,1,1,0,0,1,2,0,1,0,0,1,1,1,0,0,1,1,0,0,0,1,1,1,1,1,0,0,1,0,0,0,1,1,0,0,0,1,0,0,0,0,1,0,1,0,1,0,0,1,1
0,2,2,2,1,0,0,0,1,1,0,1,1,0,0,0,1,1,0,0,1,0,0,0,0,0,0,0,0,0,2,1,2,1,0,0,1,1,0,0,2,0,0,1,0,2,0,0,0,1,0,0,0,0,0,0,0,0,1,0,1,0,0,0,1,1,0,0,2,2,0,1,1,1,1,0,1,0,0,2
0,0,0,0,2,0,1,0,0,1,0,0,0,0,0,0,0,0,0,1,2,0,0,1,0,0,1,0,0,1,2,1,2,0,1,1,2,0,1,0,0,0,0,2,0,0,0,0,0,1,0,1,0,0,0,1,2,0,1,0,0,2,0,0,0,1,1,0,0,1,2,2,2,2,2,0,1,0,0,2
1,0,0,0,0,0,1,0,0,1,0,0,0,0,0,0,0,0,0,0,0,0,0,0,0,0,1,0,0,2,1,0,1,1,1,2,0,1,0,0,0,0,0,0,1,0,2,0,0,0,2,0,1,2,2,1,0,2,0,0,0,1,0,0,1,1,1,0,0,1,2,1,1,1,1,0,0,0,0,1
0,0,0,0,0,0,1,0,0,1,0,0,0,0,0,0,0,0,0,2,0,0,0,0,0,0,0,0,0,2,0,0,0,1,1,0,0,1,0,0,0,0,0,0,2,0,0,1,0,0,1,0,0,0,0,1,1,1,1,0,2,0,0,1,1,1,1,0,0,2,0,1,1,1,1,0,1,0,0,2
1,1,1,1,0,0,1,0,0,1,0,0,0,0,0,0,0,1,1,1,1,0,0,0,0,0,0,0,0,1,0,1,0,0,1,0,0,1,0,0,1,0,1,0,0,1,0,0,0,0,0,0,0,1,1,1,0,1,1,1,0,0,0,0,1,1,1,0,0,1,0,0,0,0,0,0,1,0,0,1
0,1,1,1,2,0,1,0,0,1,0,0,0,0,0,0,0,0,1,1,1,0,0,0,0,0,0,0,0,1,0,0,0,1,1,0,0,0,1,0,1,1,0,2,2,2,0,0,1,0,0,1,1,1,1,1,0,1,1,1,1,0,0,0,0,1,0,0,0,1,2,0,0,0,0,1,0,0,0,1
1,1,1,1,0,0,0,0,0,0,1,0,0,1,1,0,0,1,0,0,1,0,0,0,0,0,0,0,0,1,1,1,1,1,0,0,1,1,0,0,1,1,0,1,1,0,0,0,1,0,0,0,0,1,1,0,0,1,1,0,0,1,1,0,0,1,2,1,0,1,1,0,0,0,0,1,0,0,0,1
1,1,1,1,0,0,0,0,0,2,0,0,0,1,2,0,0,0,0,1,2,0,0,0,1,0,0,0,0,0,1,0,2,1,0,1,0,1,0,0,1,2,1,0,0,2,2,0,0,2,2,2,0,1,1,2,0,1,0,0,1,0,1,0,0,1,0,0,0,1,1,1,0,1,0,0,0,0,1,0
0,0,0,0,1,0,2,0,0,2,2,0,0,2,2,1,0,1,2,1,0,0,0,0,0,0,0,0,0,0,1,1,1,0,1,1,1,0,0,1,0,1,1,1,2,0,2,0,0,0,1,0,0,1,1,2,0,1,0,0,1,0,0,0,0,1,0,0,1,1,0,0,0,0,0,1,0,0,0,1
1,1,1,1,1,0,1,0,0,1,0,0,0,0,0,0,0,0,1,0,0,0,0,0,0,0,1,0,0,1,1,1,1,1,0,0,1,0,1,1,1,2,2,1,0,1,2,0,0,0,1,0,0,1,1,1,1,1,1,0,1,0,0,0,0,0,1,0,0,1,0,0,0,0,0,2,2,0,0,1
0,0,0,0,0,0,2,0,0,2,2,0,0,2,2,0,0,2,1,0,0,1,0,0,0,1,1,0,0,0,0,1,0,0,1,0,1,1,0,0,0,0,1,0,0,0,2,0,1,0,0,1,1,2,2,1,2,2,0,0,1,0,0,0,1,0,0,0,0,0,0,1,1,1,1,1,2,0,1,0
0,2,2,2,0,0,0,0,0,0,1,0,0,1,1,1,0,0,0,1,2,0,0,0,0,0,0,0,0,1,1,0,1,0,1,0,0,0,1,0,2,0,0,0,0,0,0,0,0,0,1,1,0,0,0,2,0,0,0,0,1,1,1,1,0,1,1,0,0,2,2,1,0,1,0,0,0,0,1,0
1,1,1,1,1,0,1,0,0,1,0,0,0,0,0,0,0,0,1,0,0,0,0,0,0,0,2,0,0,0,1,0,2,0,1,1,1,1,0,1,1,1,0,0,0,2,0,0,1,1,0,1,0,2,2,2,0,2,0,0,1,0,0,0,1,1,0,0,1,0,1,0,0,0,0,1,0,0,0,1
0,0,0,0,1,0,1,0,1,1,0,0,0,0,0,0,0,0,0,2,0,0,0,0,0,0,1,0,0,0,1,0,2,0,0,1,2,1,0,0,0,0,0,1,1,0,1,0,0,1,0,0,1,1,1,1,1,1,0,0,1,0,0,0,1,1,0,0,0,1,2,2,2,2,2,0,1,0,0,1
0,0,0,0,1,0,0,0,1,0,1,0,0,1,1,0,0,0,0,2,0,0,0,0,0,0,1,0,0,0,2,1,2,0,1,1,2,1,0,1,0,0,0,1,1,0,1,0,0,0,0,0,1,2,2,0,0,2,0,1,2,0,0,0,0,0,0,0,0,0,0,1,1,1,1,0,1,0,0,0
1,1,1,1,0,0,0,0,0,0,1,0,0,1,1,1,0,1,0,0,1,0,0,1,0,1,0,0,0,1,1,0,2,0,1,2,0,1,0,0,1,2,1,0,1,0,2,0,0,0,0,0,1,0,0,0,1,0,0,0,1,0,0,0,1,1,1,0,0,2,0,1,0,1,0,0,0,0,1,0
1,1,1,1,0,0,1,0,0,1,0,0,0,0,0,0,0,0,2,1,0,0,0,0,0,0,2,0,0,2,1,0,1,1,2,1,1,0,1,0,1,0,1,0,0,2,2,0,0,0,0,0,0,0,0,1,1,0,2,0,0,1,0,0,1,2,0,0,0,0,0,0,0,0,0,0,1,0,0,0
0,2,2,2,0,0,1,0,0,1,0,0,0,0,0,0,0,0,1,1,1,0,0,0,0,0,0,0,0,2,0,1,0,0,1,0,0,0,1,0,2,2,0,0,1,1,0,0,0,1,1,0,0,1,1,2,0,1,2,0,1,0,0,1,0,2,1,0,0,0,1,0,0,0,0,1,0,0,0,1
0,0,0,0,1,0,2,0,1,2,2,0,0,2,2,0,0,2,1,1,0,0,0,0,0,0,0,0,0,0,0,1,1,1,1,0,1,1,0,0,0,2,1,1,0,1,0,0,0,1,0,1,1,1,0,2,0,1,0,0,0,0,0,0,1,0,1,0,1,1,2,0,0,0,0,1,0,0,0,0
0,0,0,0,0,0,1,0,0,1,0,0,0,0,0,0,0,0,1,0,0,0,0,1,0,1,0,0,0,0,0,2,0,0,1,1,2,0,0,0,0,0,0,0,1,1,0,0,0,0,1,0,2,0,2,0,0,0,0,0,0,0,0,1,0,2,0,0,0,0,0,2,2,2,2,1,0,0,0,1
0,0,0,0,0,0,1,0,1,1,0,0,0,0,0,0,0,0,0,0,1,0,0,0,0,0,2,0,0,0,1,0,1,0,1,0,0,1,1,1,0,1,1,0,0,1,0,0,1,0,1,0,0,1,1,0,1,1,0,0,0,0,0,0,0,2,0,0,0,0,1,1,1,1,1,1,2,0,0,1
0,0,0,0,1,0,2,0,0,2,2,0,0,2,2,2,0,0,0,0,1,0,0,0,0,0,0,0,0,2,0,0,0,0,0,2,0,0,1,0,0,1,0,1,0,0,0,0,0,0,1,0,0,2,2,0,0,2,1,0,2,0,0,0,0,2,0,0,0,1,1,0,0,0,0,0,1,0,0,0
1,0,0,0,1,0,0,0,1,0,0,1,1,0,0,0,1,1,0,0,1,0,0,0,0,0,1,0,0,0,1,0,1,1,1,2,0,1,0,1,0,0,1,2,1,0,1,0,0,1,2,1,0,0,0,1,0,0,0,0,2,0,0,0,1,0,1,0,0,0,0,0,0,0,0,1,0,0,0,1
1,1,1,1,1,0,2,0,1,2,1,1,1,1,1,0,1,2,2,1,0,0,0,0,1,0,0,0,0,0,1,1,1,0,1,1,2,0,0,1,1,0,1,1,1,1,0,0,0,1,0,1,1,1,1,1,2,1,1,0,0,1,0,0,1,1,1,0,0,0,2,0,0,0,0,0,0,0,0,1
1,1,1,1,1,0,0,0,1,1,0,1,1,0,0,0,1,1,1,0,0,0,0,1,0,1,0,0,0,0,0,1,0,0,0,0,1,0,1,0,1,0,0,1,0,0,0,0,0,0,1,0,0,0,0,1,1,0,2,0,1,0,0,0,1,0,0,0,1,1,1,2,2,2,2,0,1,0,0,0
0,2,2,2,1,0,0,0,0,1,0,0,0,0,0,0,0,0,1,0,0,0,0,0,0,0,0,0,0,1,0,0,0,1,2,0,0,1,0,1,2,2,1,1,0,1,1,0,1,1,0,0,0,0,0,2,0,0,0,0,2,0,0,0,1,0,1,0,0,1,0,1,1,1,1,0,1,0,0,0
1,1,1,1,0,0,0,0,0,0,1,0,0,1,1,0,0,1,0,0,1,0,0,0,0,1,0,0,0,1,0,0,0,1,0,0,0,0,1,0,1,1,0,0,1,2,2,0,0,0,1,0,0,1,1,0,1,1,0,0,0,1,0,0,1,1,0,0,1,2,2,1,1,1,1,0,1,0,0,0
0,0,0,0,1,0,0,0,0,0,1,0,0,1,1,1,0,1,0,0,1,0,0,0,0,0,0,0,0,2,1,0,1,1,0,0,1,0,0,1,0,1,1,1,0,1,0,0,0,0,0,0,0,1,1,0,0,1,0,0,0,1,0,0,1,2,1,0,0,0,0,1,1,1,1,0,1,0,0,2
0,2,2,2,0,0,1,0,0,1,0,0,0,0,0,0,0,0,0,2,0,0,0,0,0,0,0,0,0,0,0,0,1,1,1,0,0,0,1,1,2,2,0,0,1,0,2,0,1,1,0,0,0,2,2,0,0,2,1,0,1,0,0,1,0,0,1,0,1,0,0,1,1,1,1,1,0,0,0,1
1,1,1,1,0,0,2,0,1,2,1,1,1,1,1,1,1,1,0,1,1,0,0,1,0,1,0,0,0,1,0,0,1,0,1,0,1,1,0,0,1,1,0,0,1,0,1,0,1,0,0,0,2,0,0,0,0,2,1,0,1,0,0,0,2,1,2,0,2,1,0,0,0,0,0,2,2,0,0,0
0,0,0,0,0,0,0,0,0,0,1,0,0,1,1,1,0,0,0,2,0,0,0,0,0,0,1,0,0,1,0,1,2,0,0,2,0,0,0,1,0,2,0,0,1,0,2,0,1,1,0,1,2,2,2,0,2,2,0,0,0,0,1,0,2,1,0,0,0,1,1,0,0,0,0,0,0,0,1,1
0,0,0,0,1,1,2,0,1,2,2,0,0,2,2,2,0,0,0,1,2,0,0,1,0,1,0,0,0,0,1,1,1,1,2,0,1,0,1,0,2,1,0,2,2,1,0,1,1,0,0,0,0,1,1,0,1,1,1,0,2,1,0,0,0,0,0,0,0,1,1,0,0,0,0,0,1,0,0,0
1,0,0,0,1,0,1,0,0,1,0,0,0,0,0,0,0,0,0,1,2,0,0,1,0,1,0,0,0,2,0,1,0,0,0,2,0,0,1,0,0,0,0,1,0,1,1,0,0,0,0,0,0,1,1,1,1,1,0,0,2,0,0,0,1,1,2,0,0,0,0,1,1,1,1,0,0,0,1,1
0,0,0,0,1,0,0,0,0,0,1,0,0,1,1,0,0,1,0,2,0,0,0,0,0,0,0,0,0,1,1,0,1,0,2,0,0,0,2,1,0,2,0,1,2,1,0,0,0,0,2,0,0,0,0,0,0,0,1,0,0,0,0,0,0,1,1,0,0,1,1,1,1,1,1,1,0,0,0,1
0,1,0,0,0,0,1,0,0,1,0,0,0,0,0,0,0,0,1,1,1,0,0,0,0,0,0,0,0,0,0,0,0,0,1,0,1,1,0,1,0,1,2,0,1,0,1,0,0,1,1,0,0,0,0,1,1,0,0,0,0,0,0,0,1,1,0,0,1,1,2,2,2,2,2,1,0,0,0,1
0,1,1,1,0,0,2,0,0,2,2,0,0,2,2,1,0,2,0,2,0,0,0,0,0,0,1,0,0,1,0,2,0,1,2,1,1,1,0,0,1,2,0,1,1,1,1,0,1,2,1,1,0,0,0,1,0,0,0,0,1,1,0,0,0,1,0,0,0,1,2,1,1,1,1,1,0,0,0,0
1,2,2,2,0,0,2,0,1,2,1,1,1,1,1,0,1,2,0,2,0,1,0,0,0,1,1,0,0,2,1,0,1,0,1,1,1,0,1,0,2,0,0,0,0,0,1,0,1,1,0,1,0,0,0,1,2,0,1,0,0,0,0,0,1,0,1,0,0,1,2,1,1,1,1,1,0,0,0,1
0,0,0,0,0,0,0,0,0,0,1,0,0,1,1,1,0,1,0,0,1,1,0,0,0,1,0,0,0,1,1,1,1,1,1,0,0,1,0,0,0,1,1,0,1,0,0,0,0,1,1,0,0,2,2,0,0,2,0,1,1,0,0,0,0,2,1,0,0,2,0,0,0,0,0,0,0,0,1,1
1,1,1,1,1,0,2,0,2,2,0,2,2,0,0,0,2,1,1,1,1,0,0,0,0,0,0,0,0,1,2,0,1,0,1,0,0,1,0,0,1,1,2,0,0,1,2,1,0,0,0,0,2,0,0,0,0,0,1,0,0,0,2,0,0,0,2,0,0,0,0,0,0,0,0,0,0,1,1,1
1,2,2,2,0,0,0,0,1,0,0,1,1,0,0,0,1,0,0,0,0,0,0,0,1,0,0,0,0,1,1,0,2,0,0,1,0,2,0,0,2,1,0,0,1,2,2,0,0,2,0,0,1,0,0,2,0,0,1,0,0,0,0,0,0,1,0,0,0,1,1,1,1,1,1,0,0,1,0,2
0,0,0,0,1,0,1,1,0,0,0,0,0,0,0,0,1,0,0,2,0,1,0,0,0,1,1,0,0,0,1,1,1,1,0,0,0,1,0,0,0,1,1,0,0,1,1,0,0,0,1,0,2,0,0,0,0,0,0,1,1,0,0,0,1,0,0,0,0,2,2,1,1,1,1,1,2,0,0,2
0,0,0,0,1,0,0,0,0,0,1,0,0,1,1,1,0,0,0,2,0,0,0,0,0,0,0,0,0,2,0,1,0,0,1,0,0,1,2,0,0,0,1,0,0,0,2,1,0,0,0,1,1,1,1,1,1,1,0,0,1,0,0,0,0,0,1,0,0,0,0,1,1,1,2,0,1,0,0,0
0,0,0,0,0,0,1,0,1,0,0,0,0,0,0,0,0,0,0,1,2,0,0,0,0,0,0,0,0,2,0,0,0,1,0,2,0,1,0,2,0,2,1,0,0,1,1,1,0,1,2,2,1,0,0,0,1,0,2,0,0,1,0,1,1,0,0,0,0,1,0,1,1,1,1,1,0,0,0,0
1,2,0,1,1,0,0,0,1,0,0,1,1,0,0,0,1,2,0,1,1,0,0,0,0,2,0,0,0,0,1,0,1,0,0,1,1,1,0,0,2,2,0,1,0,1,0,0,0,1,0,0,1,0,0,0,1,0,0,0,1,1,0,0,2,1,0,0,0,1,1,0,2,2,2,0,0,1,1,0
0,0,0,0,0,1,2,0,1,2,0,2,2,0,0,0,2,1,1,1,0,0,0,0,0,0,1,1,0,0,1,0,0,1,0,0,0,0,1,2,0,0,1,0,1,0,0,1,0,0,2,1,2,2,2,0,0,2,1,0,0,0,0,0,0,0,0,0,0,1,1,0,0,0,0,1,2,0,0,0
0,2,2,2,2,0,1,0,0,1,0,0,0,0,0,0,0,0,0,2,0,0,0,0,0,0,0,0,0,1,0,0,0,1,0,1,2,2,2,1,2,0,0,1,1,1,1,0,0,0,1,0,2,0,0,0,1,0,0,0,0,0,0,0,0,0,1,0,0,0,2,1,1,1,1,0,1,0,0,0
0,2,2,2,0,0,0,1,0,2,1,0,0,1,1,1,1,0,0,0,1,0,0,1,0,2,0,0,0,1,2,2,2,0,0,0,1,0,2,0,2,1,1,0,0,0,0,0,1,2,1,0,0,0,0,0,1,1,0,0,0,0,0,0,0,2,1,0,0,0,1,0,0,0,0,0,1,0,0,0
0,2,2,2,0,0,1,0,0,1,0,0,0,0,0,0,0,0,0,2,0,0,0,0,0,0,0,0,0,1,1,0,0,0,0,0,1,1,0,0,2,0,0,0,0,1,0,0,0,0,0,1,1,0,0,0,0,0,0,1,1,0,0,0,1,2,0,0,0,1,1,1,1,1,1,2,2,0,0,2
0,2,2,2,0,0,0,0,1,0,0,1,1,0,0,0,1,0,1,0,0,0,0,1,0,1,0,0,0,2,1,0,1,1,0,1,2,0,1,2,2,2,0,0,1,0,2,0,0,0,1,0,0,0,0,0,1,0,2,0,0,0,0,0,0,0,1,0,0,0,0,1,1,1,1,0,1,0,0,0
0,0,0,0,0,0,0,0,0,0,1,0,0,1,1,0,0,1,0,2,0,0,0,0,0,0,0,0,0,0,0,2,0,0,0,2,0,0,1,0,0,2,1,0,0,1,0,0,1,1,1,0,1,0,0,1,2,0,1,1,1,1,0,0,1,0,0,0,1,2,0,1,0,1,0,1,0,0,0,1
1,1,1,1,0,0,0,0,1,1,0,1,1,0,0,0,1,1,0,2,0,0,0,1,0,1,0,0,0,2,0,0,1,2,2,1,0,0,1,0,1,0,2,0,0,0,2,0,0,0,0,1,1,1,1,0,1,1,1,0,0,0,0,0,1,0,1,0,2,1,0,0,0,0,0,1,2,0,1,1
0,0,0,0,0,0,1,0,0,1,0,0,0,0,0,0,0,1,1,1,1,0,0,2,0,2,0,0,0,0,0,0,0,1,0,1,1,2,2,0,0,1,0,0,0,0,2,0,0,1,2,1,1,2,2,0,1,2,1,0,2,0,0,0,1,0,0,0,1,2,1,0,0,0,0,1,2,0,1,2
0,0,0,0,1,1,2,0,2,2,0,2,2,0,0,0,1,1,1,1,1,0,0,0,0,0,1,1,0,0,1,0,1,2,0,0,1,1,0,0,0,2,1,1,1,1,0,0,0,0,0,1,2,0,0,1,0,0,2,0,0,0,0,0,2,1,1,0,0,0,0,0,0,0,0,0,2,1,1,1
1,1,1,0,1,1,0,0,1,0,0,1,1,0,0,0,1,1,0,0,1,0,0,1,0,1,0,0,0,1,0,1,0,0,1,0,0,1,1,0,0,2,1,1,0,0,2,1,0,0,0,2,2,0,0,0,0,0,0,0,1,0,0,0,0,1,1,0,0,0,0,0,0,0,0,0,0,0,1,1
1,0,0,0,1,0,0,0,1,0,0,1,1,0,0,0,1,1,0,2,0,0,0,1,0,1,0,0,0,0,0,0,0,1,0,0,1,0,1,0,0,1,1,1,0,1,0,0,0,0,1,0,0,0,0,0,0,0,0,0,2,1,0,0,0,0,0,0,0,0,1,0,0,0,0,1,0,0,0,1
0,0,0,0,1,0,0,0,0,0,1,0,0,1,1,1,0,0,0,1,1,0,0,0,0,0,0,0,0,1,0,0,0,0,1,0,1,0,1,0,0,1,1,1,0,0,0,1,0,0,1,0,0,1,1,0,1,1,1,0,0,1,0,0,0,0,1,0,0,1,0,0,0,0,0,0,1,0,0,0
1,2,2,2,0,1,2,0,1,0,0,1,1,0,0,0,1,2,1,1,1,0,0,0,0,0,0,0,0,1,2,1,0,2,0,1,0,1,0,0,2,0,0,0,1,1,2,2,0,1,1,0,0,0,0,0,0,0,0,0,1,0,0,0,0,1,0,0,1,0,0,0,0,0,0,0,0,1,1,1
1,1,1,1,1,0,1,0,0,0,0,0,0,0,0,0,0,0,0,2,1,0,0,1,1,1,0,0,0,1,1,0,2,0,0,0,1,0,1,0,1,1,0,1,1,0,0,0,0,0,1,0,1,0,0,1,0,1,1,1,0,1,0,1,0,0,0,0,1,0,0,0,1,0,1,0,0,0,1,0
1,2,2,2,0,2,1,0,0,1,0,0,0,0,0,0,0,0,0,0,1,0,0,0,1,0,1,0,0,2,2,0,1,0,0,2,0,0,1,2,2,1,0,0,1,0,0,0,0,1,1,1,0,0,1,0,0,0,0,0,0,0,0,0,1,0,0,0,1,0,1,0,0,0,0,0,0,0,1,0
0,2,2,2,1,0,2,0,2,2,0,2,2,0,0,0,2,1,0,2,0,0,0,0,1,0,0,0,0,1,0,0,0,1,1,1,2,1,0,0,2,2,1,1,1,0,0,2,0,1,0,0,2,0,0,2,0,0,1,0,0,0,0,0,1,2,1,0,0,0,1,0,0,0,0,2,2,0,0,1
1,0,0,0,1,0,0,0,0,0,1,0,0,1,1,0,0,1,1,1,1,0,0,0,0,0,0,0,0,1,1,1,2,1,1,0,1,0,0,0,0,0,1,1,0,1,2,0,1,0,2,0,1,1,1,0,0,1,0,0,0,0,0,1,1,1,0,0,0,1,2,0,1,0,1,1,0,0,0,1
0,2,2,2,1,0,1,0,0,1,0,0,0,0,0,0,0,0,0,2,1,0,0,2,0,2,0,0,0,1,0,0,0,1,0,0,1,1,0,0,2,0,0,1,1,1,0,0,0,1,0,1,0,1,1,0,1,1,0,0,1,0,0,1,1,2,1,0,0,0,0,1,1,1,1,0,1,0,0,0
0,0,0,0,0,0,1,0,0,1,0,0,0,0,0,0,0,0,0,0,1,0,0,0,0,0,0,0,0,1,0,0,0,1,0,0,1,0,1,0,0,2,2,0,1,0,0,0,0,1,1,0,0,0,0,0,0,0,1,0,1,0,0,1,1,2,0,0,0,1,1,0,0,0,0,1,2,0,0,0
0,0,0,0,1,0,1,0,0,1,0,0,0,0,0,0,0,0,1,2,0,0,0,1,0,1,1,0,0,0,0,0,0,0,0,0,0,2,2,1,0,1,0,1,1,0,0,1,1,0,0,2,0,0,0,0,0,0,0,0,0,1,0,0,0,1,0,0,0,1,1,0,0,0,0,0,0,0,0,1
0,0,0,0,0,2,2,0,2,2,0,2,2,0,0,0,2,1,0,0,1,0,0,0,0,0,0,0,0,1,0,1,0,1,0,0,0,0,1,1,0,2,0,0,0,1,0,2,0,0,0,1,2,0,0,1,0,0,1,0,0,0,0,0,1,2,2,0,0,1,1,0,1,0,0,0,0,1,1,1
0,0,0,0,0,0,0,0,0,0,1,0,0,1,1,0,0,1,0,2,0,0,0,0,0,0,0,0,0,0,0,1,0,0,0,2,0,1,0,1,0,2,2,0,0,2,1,0,1,0,0,1,1,0,0,0,1,0,0,0,0,0,0,1,0,2,0,0,0,2,1,1,1,1,1,1,0,0,0,0
0,0,0,0,0,0,1,0,0,1,0,0,0,0,0,0,0,0,0,0,1,1,0,0,0,1,2,0,0,0,0,1,0,0,1,1,0,0,1,0,0,0,0,0,0,0,1,0,1,0,2,0,0,1,0,0,0,1,0,0,0,1,0,0,0,1,0,0,0,1,1,0,0,0,0,0,2,0,0,0
0,0,0,0,0,0,1,0,0,1,0,0,0,0,0,0,0,0,0,0,1,0,0,0,0,0,0,0,0,0,1,0,1,0,1,0,0,1,0,0,0,0,1,0,1,0,1,0,0,0,0,0,0,0,0,2,0,0,1,0,0,0,0,0,0,0,0,2,0,0,2,1,1,1,1,1,0,0,0,0
0,0,0,0,0,0,0,0,0,0,1,0,0,1,1,0,0,1,2,1,0,0,0,0,0,0,0,0,0,0,0,0,1,1,0,2,1,1,0,0,0,1,1,1,0,0,1,0,0,1,2,0,0,1,1,1,1,1,2,0,0,0,0,0,0,2,0,0,0,0,0,1,1,1,1,1,0,0,0,0
0,0,0,0,0,1,1,0,0,1,0,0,0,0,0,0,0,0,0,2,0,0,0,1,0,1,0,0,0,0,1,0,1,0,0,0,0,1,1,0,0,0,1,0,2,1,2,0,0,1,0,1,0,0,0,1,1,0,0,0,1,0,0,2,0,1,1,0,1,0,0,0,0,0,0,1,0,0,0,0
0,0,0,0,0,0,0,0,0,0,1,0,0,1,1,0,0,1,0,0,1,0,0,0,0,0,0,0,0,0,0,2,0,0,1,0,0,0,1,0,0,0,1,0,1,0,1,0,0,1,0,0,1,2,2,0,1,2,1,0,2,1,0,0,0,1,0,1,0,0,1,0,0,0,0,0,1,0,0,2
0,0,0,0,1,0,1,0,0,1,0,0,0,0,0,0,0,1,0,2,0,0,0,0,0,0,0,0,0,0,1,0,1,1,0,1,2,0,0,2,0,2,0,1,0,0,2,0,1,0,1,0,1,2,2,1,1,0,1,0,0,0,0,0,0,0,0,0,0,0,2,1,1,1,1,0,1,0,0,1
0,0,0,0,1,0,1,0,0,1,0,0,0,0,0,0,0,1,0,1,2,0,0,0,0,0,0,0,0,0,1,0,1,0,1,2,0,1,0,0,0,0,0,1,0,1,1,0,1,1,1,0,1,0,0,1,0,0,0,0,0,1,0,0,0,0,0,0,0,1,2,0,0,0,0,0,1,0,0,0
0,0,0,0,1,0,0,0,0,0,1,0,0,1,1,1,0,1,0,0,1,0,0,0,0,0,1,0,0,1,0,1,1,0,0,0,1,2,2,0,0,2,1,1,0,1,2,0,0,0,1,1,0,2,2,2,0,2,1,0,0,0,0,0,0,2,2,0,1,0,2,1,1,1,0,0,1,0,0,0
1,1,1,1,1,1,1,0,0,1,0,0,0,0,0,0,0,2,0,2,0,0,0,0,0,0,0,0,0,2,0,0,0,0,1,2,0,0,0,0,1,0,0,1,0,2,0,0,2,1,1,0,2,0,0,0,2,0,0,0,2,1,0,0,0,2,2,0,1,2,0,0,0,2,1,0,1,1,0,2
1,1,1,1,1,0,1,0,0,1,0,0,0,0,0,0,0,0,0,0,1,0,0,1,0,1,0,0,0,1,1,0,1,0,0,2,0,0,1,1,1,1,0,1,1,0,0,0,1,1,1,0,0,2,2,0,1,2,0,0,0,1,1,1,1,0,1,0,0,0,0,0,0,0,0,1,0,0,0,1
1,1,1,1,1,0,1,0,0,1,0,0,0,0,0,0,0,1,1,2,0,0,0,2,0,2,0,0,0,2,1,2,2,1,0,2,0,0,1,1,1,0,0,1,0,0,1,0,0,0,2,0,1,2,2,1,1,0,0,0,1,0,0,0,0,1,0,0,1,0,0,0,0,1,0,1,0,0,0,1
1,0,0,1,0,0,1,0,0,1,0,0,0,0,0,0,0,0,0,2,0,0,0,0,0,0,1,0,0,0,0,2,1,0,2,2,0,0,0,0,1,1,1,0,0,0,2,0,1,0,0,1,0,2,2,2,0,0,0,0,0,0,0,0,1,0,0,0,0,0,0,1,1,1,0,1,0,0,0,0
0,2,2,1,0,0,1,0,0,2,0,0,0,0,0,0,0,0,0,2,0,0,0,0,0,0,1,0,0,0,0,2,1,0,2,2,0,0,0,0,1,1,1,0,0,0,2,0,1,0,0,0,0,2,2,2,0,0,0,0,0,0,0,0,1,0,0,0,0,0,0,1,1,1,0,1,0,0,0,0
0,1,1,0,1,0,0,0,0,1,0,0,0,0,0,0,0,0,0,0,1,1,0,0,0,1,1,0,0,0,1,1,0,1,1,1,0,0,1,1,0,0,1,1,0,2,1,0,2,1,1,0,0,1,1,0,0,1,0,1,0,0,0,0,1,1,0,0,0,2,1,0,0,0,0,0,1,0,0,2
1,0,0,2,0,0,1,0,0,1,0,0,0,0,0,0,0,1,0,2,0,0,0,0,0,0,1,0,0,0,1,2,1,0,1,1,2,0,0,1,2,0,0,0,1,2,0,0,0,1,1,1,1,2,2,1,2,2,1,0,0,1,0,0,2,1,0,0,0,0,0,0,0,0,0,1,0,0,0,1
0,2,2,0,1,0,1,0,0,1,0,0,0,0,0,0,0,0,0,0,1,0,0,1,0,1,0,0,0,0,1,0,1,0,1,0,1,1,0,1,0,1,0,1,2,2,1,0,0,0,1,0,1,0,0,1,1,0,0,0,2,2,1,0,0,2,2,0,1,1,0,0,0,0,0,0,2,0,1,0
0,0,0,0,1,0,0,0,0,0,1,0,0,1,1,0,0,1,1,0,0,0,0,0,0,0,0,0,0,0,0,1,1,2,1,0,0,0,0,1,0,2,1,1,2,1,0,0,1,1,2,0,1,1,1,0,0,1,1,0,0,0,1,0,0,2,1,0,1,1,0,0,0,0,0,1,0,0,0,0
1,1,1,1,1,0,1,0,0,1,0,0,0,0,0,0,0,0,1,0,0,0,0,1,0,1,0,0,0,2,0,0,0,1,0,0,1,2,1,0,1,0,0,1,0,0,0,0,0,1,0,0,1,0,0,0,1,0,0,0,1,0,0,0,0,0,0,0,0,0,0,0,0,0,0,0,0,1,1,2
0,2,2,2,0,0,1,0,0,1,0,0,0,0,0,0,0,0,0,0,1,0,0,0,0,0,1,0,0,0,0,0,0,1,1,2,0,2,2,0,2,2,0,0,2,1,0,0,1,0,1,1,0,0,0,1,0,0,0,0,0,0,0,0,1,0,1,0,0,1,0,0,0,0,0,0,1,0,0,0
1,1,1,1,2,0,2,0,0,2,2,0,0,2,2,2,0,1,0,2,0,0,0,0,0,0,0,0,0,0,0,0,0,0,0,0,0,0,1,0,1,2,1,2,0,0,1,1,1,1,1,1,0,1,1,0,0,1,0,0,1,0,0,0,0,0,0,0,1,1,2,1,1,1,0,0,0,0,1,0
1,0,0,0,0,0,0,0,1,0,0,1,1,0,0,0,1,1,1,1,1,0,0,0,0,0,1,0,0,0,0,0,1,1,1,1,1,0,1,0,0,0,1,0,0,1,0,0,0,1,0,0,1,1,1,2,0,1,1,0,1,0,0,0,1,2,0,0,0,0,0,0,0,1,1,2,2,0,0,0
0,2,2,2,0,0,0,0,0,0,1,0,0,1,1,0,0,2,1,0,0,0,0,0,0,0,0,0,0,1,1,1,1,0,0,0,1,0,1,0,2,2,0,0,0,1,0,1,0,0,2,0,0,0,0,0,0,0,1,0,1,0,0,0,0,2,1,1,0,1,2,0,0,0,0,1,2,0,0,0
0,0,0,0,1,0,2,0,0,0,1,0,0,1,1,0,0,1,0,2,0,0,0,0,0,0,0,0,0,0,1,0,1,1,1,0,0,1,0,0,0,0,0,1,0,0,0,0,1,1,0,0,1,0,0,0,0,0,1,1,1,0,0,0,1,0,1,1,0,0,2,1,1,1,1,0,0,0,0,1
0,0,0,0,0,0,1,0,0,1,0,0,0,0,0,0,0,1,0,0,1,0,0,1,0,1,1,0,0,1,1,1,1,0,0,0,1,0,1,0,0,2,0,0,0,0,2,0,0,0,2,0,0,2,2,2,0,2,0,0,0,0,1,1,1,0,2,0,0,0,1,0,1,0,1,1,0,0,0,1
0,0,0,0,1,0,2,0,0,2,2,0,0,2,2,0,0,2,0,0,1,0,0,0,0,0,1,0,0,1,1,0,2,0,1,0,1,0,0,0,0,0,1,1,0,0,1,0,1,0,0,0,2,0,0,0,1,0,1,0,0,1,0,0,2,0,1,0,0,0,1,0,0,0,0,0,1,0,0,0
0,0,0,0,1,0,1,0,0,2,2,0,0,2,2,0,0,0,0,2,0,0,0,1,0,1,1,0,0,0,1,0,1,1,0,0,0,0,0,0,0,1,0,1,0,0,0,0,0,0,1,0,1,0,2,1,1,0,0,0,0,0,0,0,1,2,0,0,0,1,1,1,1,1,1,1,0,0,0,0
0,0,0,0,1,0,1,0,0,1,0,0,0,0,0,0,0,0,0,0,1,0,0,0,0,0,1,0,0,0,1,0,0,0,0,1,0,1,0,0,0,1,1,1,0,2,1,0,1,0,1,1,1,0,0,0,0,0,1,0,0,1,0,1,0,0,1,0,0,0,0,2,2,2,2,0,1,0,0,0
0,2,2,2,1,0,1,0,0,1,0,0,0,0,0,0,0,0,0,1,1,0,0,0,0,0,0,0,0,0,1,1,0,2,0,0,0,1,0,1,2,2,0,1,0,1,1,0,1,0,1,0,0,0,0,2,0,0,1,0,1,1,0,0,0,2,0,0,0,0,0,0,0,0,0,0,0,0,0,1
1,1,1,1,0,0,2,0,1,2,1,1,1,1,1,0,1,2,0,1,2,0,0,0,0,0,1,0,0,2,2,0,2,0,0,0,1,2,1,0,1,0,0,0,1,1,0,0,0,0,0,0,1,0,0,0,1,0,0,0,2,0,1,0,1,2,0,0,0,0,2,0,0,0,0,0,1,0,0,0
1,0,0,0,1,0,2,0,2,2,0,2,2,0,0,0,0,0,0,2,0,0,0,1,2,0,0,0,0,0,2,0,1,1,1,2,0,0,1,1,0,0,0,1,2,2,0,0,0,1,0,2,0,0,0,1,1,0,0,0,0,1,0,1,1,2,0,0,0,0,0,0,0,0,0,1,0,0,0,0
0,2,2,2,1,0,0,0,0,0,1,0,0,1,1,0,0,1,0,1,2,0,0,1,0,1,0,0,0,0,1,0,1,0,0,0,1,0,1,0,2,0,0,1,0,0,0,0,1,0,1,0,0,0,0,1,2,0,1,0,0,0,0,0,0,0,0,0,1,0,0,0,0,0,0,0,1,0,0,1
1,2,2,2,0,0,2,0,1,2,1,1,1,1,1,0,1,2,0,0,0,0,0,0,0,0,0,0,0,0,2,1,1,0,2,2,0,1,1,0,2,0,1,1,0,0,0,0,0,1,2,0,1,0,0,0,1,2,1,1,2,0,0,0,0,0,0,0,0,0,1,0,0,0,0,0,1,0,0,0
1,0,0,0,1,0,0,0,0,0,1,0,0,1,1,0,0,1,0,0,1,0,0,1,0,1,0,0,0,1,1,0,0,0,0,2,0,1,1,0,2,1,0,1,1,2,1,0,0,0,0,1,0,1,1,1,1,1,0,0,1,1,0,0,0,2,0,0,0,0,0,0,0,0,0,1,0,0,0,2
0,0,0,0,0,0,0,0,0,0,1,0,0,1,1,1,0,0,0,0,1,0,0,1,0,1,0,0,0,0,0,0,0,1,1,1,1,1,0,0,0,0,0,0,1,2,2,0,1,0,1,0,0,0,0,1,1,0,1,1,1,2,1,0,1,0,0,0,0,1,0,0,0,0,0,0,2,0,2,0
1,1,1,1,0,0,1,0,0,1,0,0,0,0,0,0,0,0,1,1,1,0,0,0,0,0,1,0,0,1,0,0,0,0,1,1,0,0,1,0,1,1,1,0,0,0,2,0,0,0,0,0,1,0,0,1,1,0,0,1,1,2,0,0,2,1,1,0,0,1,2,0,0,0,0,0,1,0,0,0
1,2,2,2,2,1,0,0,1,0,0,0,0,0,0,0,1,0,2,1,0,0,0,0,0,0,0,0,0,0,1,0,2,0,1,0,0,2,1,0,2,1,1,2,0,0,0,0,0,0,0,0,1,0,0,2,0,0,0,0,1,1,1,0,1,0,2,0,0,1,0,1,1,1,1,0,1,0,0,0
0,0,0,0,1,0,1,0,0,1,0,0,0,0,0,0,0,0,2,1,0,0,0,1,0,1,0,0,0,1,2,0,1,1,0,0,0,0,1,0,0,0,0,1,1,2,1,0,1,0,0,1,0,0,0,1,0,0,0,1,1,0,0,1,1,0,1,0,0,0,2,0,0,0,0,0,1,0,0,0
0,0,0,0,0,0,1,0,0,1,0,0,0,0,0,0,0,0,0,0,1,0,0,0,0,0,2,0,0,0,0,1,0,1,0,0,0,1,0,0,0,0,0,0,0,1,1,1,0,1,0,0,1,0,0,0,1,0,1,0,2,0,1,0,1,2,1,0,0,1,0,2,2,2,2,1,2,0,1,0
1,0,0,0,0,0,0,0,1,0,0,1,1,0,0,0,1,0,0,1,2,0,0,0,0,0,1,0,0,2,0,0,0,1,2,0,0,0,1,0,0,1,1,0,0,0,2,0,0,0,1,0,0,0,0,0,0,0,1,0,1,1,0,0,0,0,0,0,0,2,0,0,0,0,0,1,0,0,0,0
1,1,1,1,2,0,0,0,0,0,1,0,0,1,2,1,0,0,1,0,0,0,0,0,0,0,1,0,0,1,0,1,0,0,0,0,0,0,1,0,1,0,0,2,1,0,1,1,0,2,0,2,0,2,2,0,1,2,1,0,1,1,1,0,1,2,1,0,0,1,2,0,0,0,0,0,1,0,0,0
0,2,2,2,0,0,1,0,0,1,0,0,0,0,0,0,0,0,0,2,0,0,0,1,0,1,0,0,0,0,0,2,0,0,1,0,0,0,0,0,2,0,0,0,1,1,0,0,0,0,1,1,1,1,1,0,0,1,1,0,0,0,0,0,0,0,0,1,0,0,2,0,0,0,0,0,1,0,0,0
0,0,0,0,1,0,2,0,0,2,2,0,0,2,2,1,0,0,0,1,1,0,0,0,0,0,0,0,0,1,0,0,0,0,1,2,1,0,1,1,0,2,0,1,1,0,1,0,0,1,1,0,0,0,0,0,0,0,0,0,0,0,0,0,1,2,0,1,1,0,1,2,2,2,2,0,0,0,1,1
0,0,0,0,1,0,0,0,1,0,0,1,1,0,0,0,1,0,0,2,0,0,0,0,0,0,0,0,0,0,0,0,2,0,1,0,1,0,0,1,0,1,2,1,0,2,0,0,0,1,1,2,1,0,0,1,0,0,0,0,0,0,0,1,0,0,2,0,0,0,0,1,1,1,1,1,0,0,0,0
0,2,2,2,0,0,0,0,0,0,1,0,0,1,1,0,0,0,0,1,2,0,0,0,0,0,2,0,0,0,0,0,1,1,2,2,0,0,1,1,2,1,1,0,0,2,1,0,1,2,0,1,0,2,2,2,0,2,0,0,1,0,0,1,1,1,1,0,1,0,2,0,0,0,0,2,2,0,0,1
0,0,0,0,0,0,1,0,0,1,0,0,0,0,0,0,0,0,0,1,2,0,0,1,0,1,0,0,0,0,0,1,0,0,1,2,1,0,1,0,0,1,0,0,0,2,0,0,0,1,0,0,1,0,0,2,0,0,0,0,0,0,0,0,0,2,0,0,0,2,0,2,2,2,2,2,2,0,0,0
0,0,0,0,0,0,1,0,0,1,0,0,0,0,0,0,0,0,0,0,1,0,0,0,0,0,1,0,0,2,0,0,0,0,0,0,1,1,0,0,0,0,0,0,0,0,1,0,0,0,2,0,0,0,0,0,1,0,1,0,2,0,0,0,0,1,0,0,1,0,0,1,1,1,1,0,0,0,1,0
1,1,1,1,0,0,0,0,0,0,1,0,0,1,0,0,0,1,0,0,0,0,0,0,0,0,1,0,0,2,1,0,1,0,0,1,1,1,0,0,1,1,1,0,0,1,1,0,0,0,1,1,0,2,2,1,0,2,1,1,1,0,0,0,1,2,1,0,0,0,2,0,0,0,0,1,0,0,0,0
0,0,0,0,1,1,2,0,1,2,1,1,1,1,0,0,1,1,1,0,0,0,0,0,0,0,0,0,0,1,2,0,0,0,0,0,0,0,1,1,0,0,1,1,0,1,2,1,0,0,2,0,1,0,0,2,0,0,1,0,0,0,0,0,0,0,2,0,0,0,0,0,0,0,0,0,1,1,0,1
0,0,0,0,1,0,0,1,0,0,0,0,0,0,0,0,1,1,0,0,1,0,0,0,1,1,0,0,0,0,0,1,0,1,1,1,1,2,0,1,0,2,1,1,1,1,0,0,0,0,1,1,0,0,0,0,1,0,1,0,0,1,1,1,0,0,1,0,0,0,1,1,1,1,1,0,0,0,0,2
1,1,1,1,1,0,1,0,0,1,0,0,0,0,0,0,0,0,0,0,0,0,0,0,0,0,0,0,0,0,2,1,0,1,0,1,2,0,2,0,1,2,0,1,0,1,1,1,1,1,1,0,1,2,2,1,0,0,0,0,1,1,0,0,2,0,0,0,0,0,2,0,0,0,0,0,1,0,0,0
1,0,0,0,0,0,0,0,1,0,0,1,1,0,1,1,0,0,0,0,1,0,0,0,0,0,0,0,0,2,1,1,1,0,0,2,0,1,0,0,0,2,0,1,0,0,1,0,1,0,0,0,2,0,0,0,0,0,1,0,0,0,0,0,0,2,2,0,0,0,1,0,0,0,0,2,2,0,0,1
1,0,0,0,1,1,0,0,1,0,0,1,1,0,0,0,1,1,0,0,1,1,0,0,0,1,0,0,0,1,1,1,2,0,1,1,1,0,1,2,0,2,1,1,1,1,0,0,1,0,2,0,1,0,0,0,1,0,0,0,0,2,0,1,0,2,1,0,0,0,0,1,1,1,1,1,2,1,1,1
1,1,1,1,0,0,1,0,0,1,0,0,0,0,0,0,0,0,0,2,0,0,0,1,0,0,0,0,0,1,0,0,0,1,0,2,1,1,0,0,1,1,0,0,0,0,0,0,1,0,1,0,0,0,0,2,0,0,1,0,0,1,0,0,0,1,0,0,0,0,0,0,0,0,0,0,0,0,1,1
0,0,0,0,0,0,0,0,0,0,1,0,0,1,1,0,0,1,0,0,1,1,0,1,0,2,1,0,0,1,2,1,2,0,1,1,2,1,0,0,0,1,0,0,1,2,1,1,0,1,1,1,1,2,2,2,0,2,2,0,1,1,1,0,2,0,0,0,2,0,1,0,0,0,0,0,0,0,1,1
0,0,0,0,1,0,2,0,2,2,0,2,2,0,0,0,2,0,0,2,0,0,0,0,0,0,0,0,0,0,1,1,2,2,2,0,0,1,0,0,0,1,0,1,0,0,1,0,0,1,1,1,1,1,1,0,1,1,1,0,0,0,1,1,1,0,1,0,0,0,0,0,0,0,0,1,0,0,0,2
1,2,2,2,0,0,1,1,0,0,0,0,0,0,0,0,1,0,0,2,0,0,0,0,1,0,1,0,0,0,1,1,0,1,0,2,1,0,1,0,2,2,1,0,0,1,0,0,0,1,1,0,1,2,2,2,0,2,0,0,1,1,1,0,1,0,0,0,1,1,0,0,0,0,0,0,1,0,0,0
0,0,0,0,1,0,1,0,0,1,0,0,0,0,0,0,0,0,0,0,1,0,0,1,0,1,0,0,0,1,1,1,1,0,1,2,2,0,1,0,0,0,1,1,0,0,2,0,1,0,0,0,0,1,1,0,1,1,1,0,0,0,0,1,0,0,1,0,0,1,1,1,1,1,1,2,2,0,0,0
1,2,2,2,2,0,2,0,1,2,1,1,1,1,1,0,1,1,1,0,0,0,0,0,1,0,0,0,0,0,0,0,1,0,1,0,0,2,0,0,2,2,1,2,1,0,1,0,0,1,2,0,2,0,0,0,0,0,0,0,0,1,0,0,1,2,0,0,0,0,1,0,0,0,0,2,2,0,0,1
0,0,0,0,0,0,0,0,0,0,1,0,0,1,1,0,0,1,0,2,0,0,0,0,0,0,0,0,0,1,1,1,1,0,1,0,0,0,1,0,0,0,0,0,1,0,0,0,1,0,1,0,0,0,0,0,1,0,0,0,1,0,0,0,1,0,1,1,0,0,2,1,1,0,1,0,0,0,1,0
1,1,1,1,0,0,0,0,0,0,1,0,0,1,1,0,0,1,1,0,0,0,0,0,0,0,1,0,0,0,1,0,1,1,2,0,1,0,1,0,0,1,2,0,0,0,0,0,2,0,0,0,2,1,1,0,1,1,1,0,1,0,0,0,0,1,2,1,0,0,0,1,1,0,0,1,0,0,0,1
1,2,2,2,0,1,0,0,0,0,1,0,0,1,1,1,0,0,1,1,0,0,0,0,0,0,1,0,0,2,0,0,0,0,1,0,2,2,2,1,2,1,2,0,0,1,1,0,2,1,0,0,1,0,0,0,0,0,1,0,2,0,0,0,2,2,0,1,0,0,2,0,0,1,1,1,0,0,0,2
1,1,1,1,0,0,0,0,0,0,1,0,0,1,1,0,0,1,1,1,1,0,0,1,0,1,0,0,0,0,0,0,0,0,1,0,0,0,1,0,1,2,0,0,0,1,1,0,1,0,1,0,0,2,2,0,1,0,0,0,1,0,0,0,1,1,0,1,0,0,0,0,0,0,0,2,2,0,0,1
1,0,0,0,0,0,2,0,2,2,0,2,2,0,0,0,2,2,0,0,0,0,0,0,1,0,0,0,0,1,2,1,1,2,0,2,0,1,0,1,0,0,1,1,0,0,0,2,0,0,1,1,0,0,0,0,0,0,1,0,0,0,1,0,0,1,1,0,0,0,1,0,0,0,0,1,2,0,0,1
1,0,0,0,0,0,0,0,1,1,0,1,1,0,0,0,1,1,0,2,0,0,0,0,0,0,1,0,1,0,1,0,1,0,1,0,0,1,0,0,0,0,0,0,0,0,1,0,0,1,0,1,0,2,2,0,1,2,0,0,0,1,1,0,1,2,1,0,0,0,2,0,0,0,0,1,0,0,0,1
1,1,1,1,0,0,0,0,0,0,1,0,0,1,1,1,0,0,1,1,0,0,0,0,0,0,0,0,0,2,0,0,0,0,0,2,1,0,1,0,1,2,0,0,0,0,1,0,0,0,1,0,0,0,0,0,0,0,1,1,0,2,0,0,1,1,0,1,0,0,2,0,1,0,1,1,0,0,0,2
1,1,1,1,0,0,0,0,1,0,1,0,0,1,1,0,0,1,0,0,1,0,0,0,0,0,0,0,0,1,0,1,0,1,1,2,2,2,2,0,1,1,0,0,1,0,0,1,0,1,2,0,0,0,0,1,1,0,0,1,0,1,0,0,1,2,0,2,1,0,2,0,0,0,0,1,2,1,1,0
0,0,0,0,0,0,2,0,0,2,2,0,0,2,2,1,0,1,0,2,0,0,0,0,0,0,1,0,1,1,0,2,0,0,1,0,0,2,2,1,0,1,2,0,0,0,1,0,0,1,1,0,0,2,2,0,0,2,0,1,0,1,0,0,1,2,1,0,1,1,1,2,2,2,2,1,0,0,0,1
0,0,0,0,0,0,0,0,0,0,1,0,0,1,2,0,0,0,0,0,1,0,0,0,0,0,1,0,1,1,1,0,0,0,0,0,0,0,1,0,0,0,0,0,0,1,0,0,0,1,1,1,0,0,0,0,0,0,2,0,1,1,1,0,0,2,0,0,0,1,0,0,0,0,0,1,0,0,0,0
0,1,1,1,1,0,0,0,0,0,1,0,0,1,1,0,0,1,0,2,0,0,0,0,0,0,1,0,1,1,1,2,1,1,0,1,1,1,0,0,1,1,0,1,0,0,0,0,0,1,0,0,0,0,0,0,0,0,2,0,0,1,1,0,0,0,1,0,0,1,0,1,1,1,1,2,2,0,0,2
1,1,1,1,0,0,1,0,0,1,0,0,0,0,0,0,0,0,1,0,0,0,0,0,0,0,0,1,0,1,1,1,0,0,1,2,1,2,1,0,1,0,0,0,2,2,0,1,0,2,0,0,1,0,0,1,2,0,1,0,2,1,0,0,2,1,0,0,0,1,2,1,1,1,1,0,0,0,0,0
1,0,0,0,1,0,1,0,0,1,0,0,0,0,0,0,0,0,0,0,1,0,0,1,0,1,0,0,0,2,0,0,0,0,1,0,1,2,2,0,0,0,1,1,1,2,2,0,0,0,1,0,0,2,2,0,0,2,0,0,1,1,0,0,0,0,1,0,0,2,0,1,2,1,2,0,1,0,0,2
0,0,0,0,0,0,0,0,0,0,1,0,0,1,1,0,0,1,0,0,1,0,0,1,0,1,0,0,0,1,1,1,1,2,1,1,1,1,0,0,0,0,2,0,0,0,0,0,0,0,1,0,1,0,0,2,0,0,2,0,0,0,0,1,1,1,1,1,0,0,2,1,0,1,0,0,0,1,1,2
0,0,0,0,0,0,0,0,0,0,1,0,0,1,1,0,0,1,2,1,0,0,0,0,0,0,0,0,0,0,0,1,0,0,0,0,1,0,0,1,0,1,0,2,0,1,0,0,1,1,2,0,1,0,0,0,0,0,1,0,1,0,0,0,2,0,1,1,1,1,0,0,0,0,0,1,0,0,0,1
0,0,0,0,0,0,1,0,0,1,0,0,0,0,0,0,0,1,0,2,0,0,0,1,0,1,0,0,0,1,0,1,1,0,0,0,1,1,0,0,0,2,1,0,0,0,0,0,1,0,1,0,0,2,2,0,0,2,1,1,0,0,0,0,1,1,1,0,0,1,0,0,0,0,0,1,0,0,1,0
0,0,0,0,0,0,1,0,0,1,1,0,0,0,0,0,0,1,0,0,0,1,0,0,0,1,1,0,0,1,0,1,2,0,1,0,0,0,1,0,0,1,1,0,0,2,2,0,0,1,0,1,0,1,1,0,0,1,1,0,0,0,1,0,1,1,0,0,0,0,1,1,1,1,1,2,2,0,0,1
1,1,1,1,0,0,1,1,0,2,1,0,0,1,1,1,1,0,1,1,1,0,0,0,1,1,0,0,0,1,1,1,2,0,2,1,0,1,0,0,1,0,0,1,0,0,2,0,0,2,2,0,0,0,0,2,0,0,2,0,1,2,0,0,0,2,0,0,0,1,1,0,0,0,0,0,0,0,2,1
0,0,0,0,0,0,0,0,0,0,1,0,0,1,1,1,0,0,0,2,0,0,0,0,0,0,0,0,0,1,0,1,0,1,0,0,1,0,0,1,0,0,1,0,0,0,2,0,0,1,0,0,0,2,2,0,0,0,0,0,0,0,0,1,1,2,1,0,0,0,0,0,0,0,0,2,2,0,0,1
0,0,0,0,0,0,0,0,1,0,0,1,1,0,0,0,1,0,0,0,1,0,0,0,0,0,0,0,0,2,0,1,0,1,2,2,0,0,1,0,0,1,1,0,0,0,0,1,1,2,0,2,0,0,0,0,0,0,1,0,0,0,0,0,0,2,0,0,2,1,0,2,2,2,2,0,0,0,0,0
0,0,0,0,0,0,0,0,0,0,1,0,0,1,1,0,0,1,0,0,1,0,0,0,0,0,1,0,0,1,0,1,0,1,0,0,0,0,1,1,0,0,2,1,0,1,1,2,0,1,1,2,1,2,2,1,1,2,0,0,2,1,0,0,0,2,1,0,0,1,1,0,0,0,0,0,1,0,0,2
1,1,1,1,0,0,1,0,0,1,0,0,0,0,1,0,0,1,1,1,1,0,0,0,0,0,0,0,0,1,1,1,0,1,1,0,1,2,2,0,1,2,0,0,1,0,0,0,0,0,1,0,1,0,0,0,1,1,0,0,0,1,1,0,0,0,1,0,0,1,2,1,1,1,1,0,0,0,0,0
0,0,0,0,0,0,1,1,0,0,0,0,0,0,0,0,1,0,0,0,1,0,0,0,1,0,0,0,0,1,1,1,1,1,0,0,1,0,1,1,0,0,0,0,0,0,1,1,1,0,1,0,0,0,0,2,0,0,0,0,0,0,0,0,0,2,0,0,0,0,0,1,1,1,1,0,1,0,0,0
1,2,2,2,0,0,0,0,1,0,0,0,1,0,0,0,1,2,0,1,0,1,0,0,1,1,0,0,0,0,1,1,0,0,1,2,0,0,0,0,2,0,0,0,0,1,0,0,1,0,0,0,0,2,2,1,1,0,1,0,0,1,0,0,1,0,0,0,0,1,0,1,1,1,1,0,2,1,0,0
0,0,0,0,0,0,0,0,1,0,0,1,1,0,0,0,1,0,1,1,1,0,0,0,0,0,0,0,0,2,0,1,0,0,1,2,0,0,0,0,0,0,0,0,0,0,1,1,0,1,0,0,2,1,1,1,2,1,0,0,0,0,0,1,0,0,1,0,0,1,0,2,2,2,2,0,0,0,1,0
1,1,1,1,1,0,2,0,1,2,1,1,1,1,2,1,0,0,1,1,1,0,0,0,0,0,0,0,0,0,0,1,0,0,0,0,1,0,1,0,1,1,2,1,0,0,0,0,0,1,1,0,0,0,0,0,0,0,1,0,0,0,0,0,1,2,0,0,1,0,1,1,1,1,1,1,0,0,0,1
1,2,2,2,1,0,1,0,0,1,0,0,0,0,0,0,0,0,0,2,0,0,0,0,0,0,0,0,0,0,1,1,1,0,0,0,0,0,1,0,2,0,1,1,0,0,1,0,1,0,1,0,0,2,2,0,1,2,0,0,2,0,0,0,1,0,0,1,0,0,0,0,0,0,0,0,1,0,0,0
0,0,0,0,0,0,2,0,1,2,1,1,1,1,2,2,0,0,1,0,0,0,0,0,0,0,1,0,0,0,1,1,1,0,2,1,1,0,1,0,0,1,2,0,0,1,0,0,2,2,0,0,0,0,1,2,0,0,1,0,0,0,0,0,2,0,0,1,1,2,2,0,0,0,0,1,0,0,0,1
1,1,1,1,0,0,1,0,0,1,0,0,0,0,0,0,0,1,0,0,1,0,0,1,0,1,1,0,0,1,0,1,0,0,0,0,0,1,2,0,1,2,1,0,0,0,0,0,0,0,0,0,1,0,0,0,0,0,1,0,2,1,1,0,1,0,1,0,0,0,0,0,0,0,1,0,1,0,0,0
0,0,0,0,0,0,1,0,0,1,0,0,0,0,0,0,0,1,0,1,1,0,0,1,0,1,1,0,0,1,1,1,0,0,0,1,2,1,0,1,0,1,0,0,2,2,1,0,1,1,0,0,2,2,2,1,1,2,0,0,1,0,1,0,0,1,1,0,0,1,2,1,1,1,1,0,1,0,0,0
1,0,0,0,2,0,0,0,1,0,0,1,1,0,0,0,1,0,0,1,2,0,0,0,0,0,0,0,0,2,1,1,0,0,1,0,1,0,1,1,0,1,0,2,1,0,0,0,0,0,0,1,0,1,1,0,0,1,0,1,2,0,0,1,0,2,0,1,0,1,0,0,0,0,0,0,1,0,0,1
1,0,0,0,0,0,2,0,1,2,1,1,1,1,1,1,1,1,0,0,1,0,0,0,0,0,2,0,0,0,1,1,2,1,1,2,0,1,0,1,0,1,1,0,0,2,1,1,1,0,1,0,0,0,0,2,0,0,1,0,1,0,0,0,1,1,0,1,0,1,0,0,0,0,0,1,0,0,0,0
0,1,1,1,1,0,0,0,0,0,1,0,0,1,1,1,0,0,1,1,1,0,0,0,0,0,0,1,0,1,0,2,0,0,0,1,2,0,1,0,1,1,1,2,0,1,2,0,0,0,1,1,2,0,0,0,0,0,0,0,0,1,0,1,0,0,1,0,1,1,0,0,1,0,1,1,0,0,0,0
0,0,0,0,1,0,2,0,0,2,2,0,0,2,2,1,0,0,1,1,0,0,0,0,0,0,1,1,1,1,1,1,1,0,1,0,1,1,0,0,0,0,2,1,0,0,0,0,1,1,1,1,0,0,0,0,1,0,0,0,0,0,0,0,1,0,0,0,0,0,0,1,1,1,1,1,0,0,0,2
0,2,2,2,1,0,0,0,0,0,1,0,0,1,1,1,0,1,0,0,0,0,0,1,0,1,0,1,0,2,0,1,0,1,1,0,1,1,0,0,2,2,0,1,1,0,2,0,0,2,1,1,1,0,0,2,0,0,0,0,0,1,0,0,0,1,0,2,0,2,2,1,1,1,1,1,0,0,0,0
0,0,0,0,0,0,0,0,1,0,1,0,0,1,1,1,0,1,0,1,2,0,0,1,0,1,0,0,0,0,0,1,0,0,0,0,2,1,0,0,0,0,0,1,1,0,2,0,1,0,0,0,1,0,0,0,1,0,1,0,1,0,0,0,1,0,0,0,0,1,1,0,0,0,0,1,0,0,0,1
0,0,0,2,1,0,0,0,0,0,1,0,0,1,1,1,0,1,0,2,0,0,0,0,0,0,0,0,0,2,0,1,0,1,1,0,1,2,1,0,0,2,0,1,0,2,0,0,2,1,1,0,0,0,0,0,1,0,1,1,1,0,0,1,1,0,1,0,0,1,1,0,0,0,0,0,1,0,0,0
1,0,0,0,0,0,2,0,1,2,1,1,1,1,2,1,0,0,0,2,0,0,0,1,0,1,0,0,0,0,1,1,0,0,1,0,1,1,0,0,0,2,1,0,0,1,0,0,0,1,2,1,0,0,0,0,1,0,2,0,1,0,1,0,0,2,2,0,0,1,0,0,0,0,0,1,0,0,0,2
1,1,1,1,0,0,0,0,0,0,1,0,0,1,1,1,0,0,0,0,1,0,0,0,0,0,0,0,0,1,1,1,1,0,1,1,2,0,1,1,1,1,2,0,0,1,0,0,0,0,1,1,0,1,1,1,0,1,0,0,0,0,0,0,0,0,0,0,0,0,0,0,0,0,0,0,0,0,0,1
1,0,0,0,1,0,1,0,0,1,0,0,0,0,0,0,0,1,1,1,0,0,0,0,0,0,0,0,0,1,1,1,1,1,1,0,1,1,0,1,0,0,0,1,0,0,0,0,1,0,1,0,1,2,2,0,0,2,0,0,0,1,0,0,1,1,0,0,0,0,2,1,1,1,1,0,1,0,0,0
0,0,0,0,0,0,1,0,1,0,0,0,0,0,0,0,0,1,0,1,1,0,0,1,0,1,0,1,0,2,1,1,1,1,0,2,0,0,1,0,0,0,0,0,0,2,1,0,1,0,1,0,1,2,2,0,0,2,1,0,0,0,0,0,0,2,0,0,0,0,0,0,0,0,0,0,1,0,0,0
0,0,0,0,0,0,0,0,0,0,1,0,0,1,1,1,0,1,0,1,2,0,0,0,1,0,0,0,0,1,1,1,1,1,1,0,1,2,1,0,0,0,0,1,1,1,1,1,0,0,0,0,1,1,1,0,0,1,0,0,2,0,0,0,0,0,0,0,0,1,2,0,0,0,0,0,1,0,0,0
0,1,1,1,0,1,2,0,2,2,0,2,2,0,0,0,2,1,0,2,0,0,0,0,0,0,0,0,0,0,1,1,0,2,1,0,1,1,0,1,1,2,2,1,0,1,2,0,0,1,0,1,1,2,2,0,0,2,0,0,2,0,0,0,0,0,1,0,0,1,1,0,0,0,0,0,2,1,1,1
1,0,0,0,2,0,1,0,0,1,0,0,0,0,0,0,0,1,0,0,1,0,0,0,0,0,1,1,0,0,1,1,1,0,0,1,1,1,0,0,0,0,1,0,0,1,0,0,0,1,2,0,1,0,0,0,1,0,1,0,0,1,1,0,1,1,0,0,0,0,2,0,0,0,0,0,0,0,1,0
1,1,1,1,0,0,0,0,0,0,1,0,0,1,1,0,0,1,0,0,0,0,0,0,0,0,0,0,0,0,1,1,1,1,1,1,0,0,1,2,1,1,2,0,0,1,1,0,1,0,2,0,0,1,1,0,1,1,1,0,2,1,1,0,2,1,1,0,0,0,0,0,0,0,0,1,0,0,0,0
1,1,1,1,0,1,2,0,0,0,1,0,0,1,1,0,0,1,1,1,1,0,0,1,0,0,0,0,0,0,2,1,2,0,1,0,0,1,0,0,1,0,0,1,0,0,1,1,0,0,0,0,1,0,0,0,2,0,1,0,1,1,1,0,0,1,1,0,0,0,0,0,0,0,0,0,0,0,1,1
1,2,2,2,1,1,0,0,1,0,0,1,1,0,0,0,1,2,0,0,1,0,0,0,0,0,0,0,0,2,0,0,0,0,0,1,0,1,0,0,2,2,0,1,1,0,1,1,0,2,0,0,2,0,0,1,1,0,1,0,1,0,0,0,0,1,0,0,1,0,0,0,0,0,0,1,2,1,1,0
1,0,0,0,0,0,0,0,1,0,0,1,1,0,0,0,1,2,0,1,2,0,0,1,0,1,0,0,0,1,1,2,1,0,2,2,0,2,2,0,0,0,1,0,0,0,1,0,0,1,1,1,2,0,0,2,0,0,0,0,1,0,0,0,0,0,0,0,0,1,0,0,0,0,0,0,2,1,1,1
0,0,0,0,0,0,2,0,0,2,2,0,0,2,2,1,0,1,1,1,1,0,0,0,0,0,0,0,0,1,0,1,1,0,1,0,0,2,2,0,0,2,1,0,0,1,0,0,0,0,1,1,0,0,0,0,1,0,1,1,0,0,2,0,1,1,0,0,0,0,1,1,1,1,1,0,1,0,0,1
1,0,0,0,0,1,0,0,1,0,0,1,1,0,0,0,1,1,0,0,1,0,0,0,0,0,2,1,0,1,0,1,0,1,1,1,1,0,1,0,0,0,1,0,0,1,1,0,0,0,2,1,1,2,2,0,0,2,2,0,0,0,0,0,0,0,1,0,0,1,1,0,0,0,0,1,0,0,1,1
1,1,1,1,0,1,1,0,0,1,0,0,0,0,0,0,0,0,0,0,1,0,0,0,0,0,0,0,0,0,1,1,1,0,2,1,1,2,2,0,1,0,0,0,0,0,2,1,0,2,1,2,0,2,2,0,0,2,1,0,0,0,1,0,1,0,2,0,0,2,0,1,1,1,1,0,1,0,0,2
1,1,1,1,0,1,1,0,0,1,0,0,0,0,0,0,0,0,0,0,1,0,0,0,0,0,0,0,0,0,0,1,0,0,2,1,1,0,1,0,1,1,0,0,0,0,2,0,0,2,0,1,0,2,2,0,0,2,1,0,0,0,1,0,1,0,2,0,0,2,1,1,1,1,1,0,1,0,0,0
0,1,1,1,1,0,2,0,1,2,1,0,1,1,1,1,1,1,2,1,0,0,0,0,0,0,0,0,0,2,2,0,1,0,2,0,1,1,0,0,1,0,0,1,0,1,0,0,0,2,1,0,0,0,0,0,0,0,0,0,2,1,0,0,0,0,1,0,1,1,1,0,0,0,0,0,1,0,0,1
0,0,0,0,0,1,2,0,2,2,0,2,2,0,0,0,1,2,0,1,0,1,0,0,0,1,1,0,0,0,0,0,0,0,0,0,0,1,0,0,0,2,1,0,1,1,2,0,0,0,0,1,0,1,0,2,0,1,1,0,1,0,0,0,0,1,1,0,0,0,0,0,0,0,0,0,1,0,0,1
0,0,0,0,1,0,1,0,2,2,0,2,2,0,0,0,0,0,0,0,2,0,0,0,0,0,1,1,0,1,1,0,0,1,1,1,2,1,0,1,0,2,0,1,0,1,0,0,0,0,1,0,1,0,0,1,0,0,1,0,1,1,0,0,0,0,0,0,0,1,0,0,0,0,0,0,2,1,2,1
1,2,2,2,1,1,1,0,0,1,0,0,0,0,0,0,0,1,1,0,0,0,0,0,1,0,0,0,0,1,1,1,2,1,0,1,2,1,0,0,2,0,1,1,0,0,0,0,1,0,0,0,1,0,0,2,0,0,1,0,2,0,0,0,0,0,0,0,0,1,0,0,0,0,0,0,0,1,1,0
1,2,2,2,2,0,2,0,2,2,0,2,2,0,0,0,1,1,0,1,1,0,0,0,1,0,0,0,0,0,1,1,0,0,0,1,0,1,0,0,2,2,1,2,0,2,1,1,0,0,1,2,2,1,1,2,0,1,0,0,1,0,0,0,1,0,0,0,0,2,1,0,0,0,0,0,0,2,1,1
1,0,0,0,0,1,0,0,1,0,0,1,1,0,0,0,1,0,0,1,1,0,0,0,0,0,0,0,0,0,1,0,0,1,2,0,1,1,0,0,0,1,2,0,1,1,2,0,0,1,0,0,1,0,0,1,0,0,0,0,0,0,0,0,0,2,1,0,2,1,0,0,0,0,0,0,2,2,2,0
1,1,1,1,0,0,2,0,1,2,1,1,1,1,1,1,1,0,0,0,1,0,0,0,0,1,1,0,0,2,1,0,1,1,1,1,1,1,0,0,1,2,1,0,0,1,1,0,0,2,2,2,0,0,0,2,0,0,0,1,1,1,2,0,1,0,0,0,0,1,1,1,1,1,1,0,2,0,1,0
1,0,0,0,1,0,0,0,1,0,0,1,1,0,0,0,1,2,0,0,1,0,0,0,0,0,0,0,0,2,0,0,0,0,0,0,0,1,0,0,0,1,1,1,0,0,1,0,0,0,1,0,0,2,2,0,1,0,0,0,1,0,0,0,0,1,0,1,0,1,1,1,1,1,1,0,0,0,1,0
0,0,0,0,0,0,2,0,0,2,2,0,0,2,2,1,0,1,1,0,1,0,0,0,0,0,1,0,0,2,1,0,1,0,1,2,0,1,0,0,0,0,0,0,0,0,0,1,0,1,1,0,1,2,2,0,0,2,0,0,1,1,0,0,0,1,0,1,1,2,1,0,1,0,1,0,2,0,1,0
0,0,0,0,0,1,2,0,2,2,0,2,2,0,0,0,2,1,0,0,1,0,0,0,0,0,0,0,0,0,2,2,1,1,0,0,1,0,0,0,0,2,1,0,0,0,2,1,0,0,0,1,1,0,0,2,0,0,2,0,1,0,0,0,1,2,0,0,0,0,0,0,0,0,0,2,2,1,0,0
1,1,1,1,1,0,1,0,0,1,0,0,0,0,0,0,0,0,0,0,0,0,0,0,1,0,0,0,0,0,1,0,1,1,0,1,1,0,1,2,1,0,0,2,1,1,1,0,0,2,2,1,1,0,0,0,1,0,0,0,0,0,0,0,1,0,0,0,0,1,0,0,0,0,0,1,0,0,0,0
0,0,0,0,0,0,1,0,0,1,0,0,0,0,0,0,0,0,0,2,0,0,0,0,1,0,0,0,0,0,1,1,1,0,0,1,0,1,0,0,0,0,0,0,0,0,0,1,1,1,0,1,0,1,1,0,0,1,2,1,0,1,0,0,2,0,0,0,0,0,0,1,1,1,1,1,0,0,0,0
1,1,1,1,0,0,1,0,0,1,0,0,0,0,0,0,0,0,0,2,0,0,0,0,0,0,1,0,0,0,0,2,0,1,1,1,2,2,2,0,1,0,1,0,1,0,0,0,0,0,0,0,0,0,0,2,0,0,1,0,0,0,0,0,1,0,0,1,1,0,0,1,1,1,1,1,0,0,0,0
1,0,0,0,1,0,0,0,0,0,1,0,0,1,1,1,0,0,0,2,0,0,0,0,0,0,0,0,0,2,1,0,1,0,1,0,1,0,1,0,0,2,0,1,1,1,1,0,0,0,1,0,1,0,0,2,0,0,2,0,1,0,0,0,0,0,0,0,0,0,0,1,1,1,1,0,1,1,0,0
0,0,0,0,0,0,1,0,0,1,0,0,0,0,0,0,0,0,1,0,0,0,0,0,1,0,1,0,0,1,1,1,1,1,2,2,0,2,1,0,0,1,1,0,0,1,0,0,1,0,0,0,1,0,0,1,1,0,1,0,0,0,0,0,1,1,0,0,0,2,1,0,0,0,0,1,2,0,0,1
0,0,0,0,0,0,1,0,0,1,0,0,0,0,0,0,0,0,0,1,1,0,0,1,0,1,0,0,0,0,0,0,1,0,1,0,0,0,1,0,0,0,0,0,1,2,0,0,1,1,1,1,0,1,1,0,0,1,0,0,0,0,0,0,1,0,1,0,0,0,1,2,2,2,2,0,0,0,1,1
1,1,1,1,0,0,0,0,1,0,0,1,1,0,1,1,0,0,1,0,0,0,0,1,0,1,0,0,0,2,0,0,0,1,1,0,0,0,0,0,1,2,0,0,0,1,1,0,0,0,0,0,0,2,0,1,2,0,0,1,0,0,0,0,0,2,0,0,0,2,0,2,2,2,2,1,0,0,0,0
1,0,0,0,0,0,0,0,1,0,0,1,1,0,0,0,1,0,0,2,0,0,0,0,0,0,0,0,0,0,2,0,1,0,1,0,0,2,2,0,0,0,1,0,0,2,0,0,0,0,1,0,2,0,0,0,1,0,0,0,0,1,0,0,0,2,1,0,0,0,0,1,1,1,1,1,2,0,1,0
1,0,1,1,0,0,2,0,1,2,1,1,1,1,2,1,0,0,2,1,0,0,0,0,0,0,1,0,0,1,1,0,2,0,0,1,0,1,0,1,1,0,0,0,0,0,1,1,0,1,2,1,0,1,1,0,2,1,0,0,1,0,0,1,1,2,1,0,0,1,2,1,2,1,2,0,2,0,0,1
1,1,1,1,0,0,0,0,0,0,1,0,0,1,1,1,0,0,0,0,1,0,0,0,0,0,1,0,0,1,2,1,1,1,2,1,0,1,0,1,1,1,1,0,1,1,0,0,0,1,2,1,2,1,1,0,0,1,1,1,1,0,0,0,0,2,0,0,1,1,0,0,0,0,0,1,0,0,0,1
0,0,0,0,0,0,0,0,0,0,1,0,0,1,1,0,0,1,0,2,1,0,0,0,0,0,1,0,0,1,2,1,2,0,1,0,1,1,0,0,0,0,0,0,0,1,1,1,1,0,0,0,2,2,2,0,0,2,2,0,0,0,0,0,2,2,0,1,0,0,0,1,1,0,1,0,1,0,0,0
0,0,0,0,0,0,0,0,0,0,1,0,0,1,1,1,0,0,0,0,1,0,0,0,0,0,0,0,0,0,0,0,1,0,1,0,0,0,1,0,0,2,0,0,0,0,0,0,1,0,1,0,1,0,0,0,1,0,1,0,0,1,0,1,2,0,0,1,1,1,1,1,1,1,1,0,0,0,0,1
1,1,1,1,0,0,2,0,0,2,2,0,0,2,2,1,0,1,1,0,1,0,0,1,0,1,0,0,0,1,1,0,1,0,1,1,0,0,1,1,1,0,0,0,1,1,2,0,0,1,1,0,1,1,1,0,1,0,1,0,2,0,1,0,0,2,0,0,0,0,2,0,0,0,0,0,1,0,0,0
1,1,1,1,0,0,1,0,0,1,0,0,0,0,0,0,0,0,0,2,0,0,0,0,0,0,0,0,0,1,1,1,0,0,0,1,1,1,0,0,1,2,0,0,0,1,1,1,0,0,2,0,0,0,0,0,1,0,0,0,1,0,0,0,0,0,0,0,0,1,0,0,0,0,0,1,0,0,0,0
0,2,2,2,1,0,1,0,0,1,0,0,0,0,0,0,0,0,1,0,1,0,0,1,0,1,0,0,0,1,0,2,0,1,2,2,0,1,0,0,2,1,0,1,0,0,2,0,1,1,0,1,1,0,0,2,0,0,0,0,1,1,0,1,0,0,0,1,0,1,0,0,0,0,0,1,2,0,1,1
1,1,1,1,1,0,0,0,0,0,1,0,0,1,1,0,0,1,2,1,1,0,0,0,0,0,0,0,0,2,0,0,0,1,1,2,0,0,0,0,1,0,1,1,0,0,0,0,0,1,0,0,1,1,1,1,2,1,1,0,1,1,1,0,0,2,0,1,0,0,2,1,1,1,1,0,1,0,0,0
0,2,2,2,0,0,1,0,0,1,0,0,0,0,0,0,0,0,1,0,0,0,0,0,0,0,0,0,0,1,1,1,1,1,1,0,1,1,0,0,2,0,0,0,1,0,1,1,1,0,1,0,0,0,0,0,1,0,1,1,0,0,0,0,0,1,0,0,1,1,2,2,2,2,2,1,0,0,0,0
0,0,0,0,1,0,1,0,0,1,0,0,0,0,0,0,0,0,1,0,0,1,0,0,0,0,1,0,0,1,1,1,2,0,2,0,0,2,2,0,0,0,0,1,0,0,2,0,1,0,1,0,0,0,0,2,0,0,1,0,1,1,0,0,1,1,0,0,0,2,2,0,0,0,0,0,1,0,0,1
0,0,0,0,0,0,1,0,0,1,0,0,0,0,0,0,0,0,0,0,1,0,0,0,0,0,0,0,0,1,0,1,0,1,0,0,0,0,1,0,0,0,0,0,1,1,2,0,0,1,0,0,0,0,0,0,1,0,1,1,2,1,1,0,1,0,0,0,0,0,1,0,0,0,0,0,1,0,0,0
1,0,0,0,0,0,0,0,1,0,0,1,1,0,0,0,1,0,0,1,0,0,0,0,0,0,1,0,0,0,1,1,1,1,1,2,0,0,1,2,0,0,1,0,0,0,0,0,0,1,0,0,1,0,0,1,0,0,1,0,0,1,0,0,0,0,1,1,0,0,0,0,0,0,0,1,2,0,1,1
1,1,1,1,0,0,0,0,0,0,1,0,0,1,1,0,0,1,0,2,0,0,0,0,0,0,0,0,0,2,1,0,1,0,1,0,1,0,0,0,1,2,0,0,0,2,2,0,1,0,1,0,0,1,1,0,1,1,2,0,0,0,0,0,1,1,1,0,1,0,0,0,0,0,0,0,1,0,0,0
0,0,0,0,1,0,1,0,0,1,0,0,0,0,0,0,0,0,1,0,0,0,0,0,0,0,1,0,0,0,0,0,0,0,1,0,0,2,1,1,0,0,0,1,0,0,0,0,0,2,0,1,0,0,0,0,1,0,0,0,0,0,0,0,1,0,1,0,0,2,2,0,0,0,0,1,0,0,0,1
1,1,1,1,0,0,2,0,1,2,1,1,0,0,0,0,2,0,1,1,1,0,0,0,0,1,1,0,0,1,1,0,2,0,0,0,0,1,0,0,1,0,1,0,1,1,2,2,0,2,2,1,0,1,1,0,0,1,0,0,1,1,1,1,1,0,0,1,0,1,1,0,1,0,1,0,2,1,1,1
0,2,2,2,0,0,1,0,0,1,0,0,0,0,0,0,0,0,0,2,0,0,0,1,0,0,0,0,0,2,0,1,1,0,0,2,0,0,1,0,2,1,0,1,1,1,2,0,0,1,0,0,1,0,0,0,0,1,1,0,1,1,0,0,0,2,1,0,0,1,2,1,0,1,0,0,0,0,1,1
0,1,1,1,1,0,1,0,0,1,0,0,0,0,0,0,0,1,0,1,1,0,0,0,0,0,1,0,0,0,0,0,2,0,0,2,0,1,0,1,1,2,0,1,1,1,1,0,1,0,0,0,0,0,0,2,0,2,0,0,1,0,1,0,1,0,0,0,0,0,0,1,1,1,1,0,2,1,2,0
0,0,0,0,0,0,0,0,0,0,1,0,0,1,1,1,0,0,0,2,0,0,0,0,0,0,0,0,0,2,1,0,1,0,1,0,1,1,0,0,0,0,1,1,0,0,0,1,0,0,1,1,0,2,2,0,1,2,2,0,2,0,0,0,1,2,0,0,0,1,0,0,0,0,0,0,1,0,0,1
1,1,1,1,0,0,0,0,1,0,0,1,1,0,0,0,1,0,0,1,2,0,0,1,0,1,0,0,0,0,0,1,2,0,0,0,0,0,1,0,1,0,1,0,0,0,2,0,0,1,1,0,1,2,2,0,0,0,1,0,1,0,0,0,0,0,1,0,0,2,1,0,0,0,0,0,1,0,0,2
1,1,1,1,0,0,1,0,0,1,0,0,0,0,0,0,0,0,1,0,0,0,0,0,0,0,1,0,1,0,0,2,0,0,0,2,0,0,0,1,1,2,0,0,0,2,0,0,1,1,2,0,0,1,1,0,1,1,2,0,0,0,0,0,0,1,0,0,0,0,1,0,0,0,0,0,1,0,0,1
1,2,2,2,0,2,2,0,1,2,1,1,1,1,1,1,1,1,0,0,0,1,0,0,0,1,0,0,0,0,2,0,1,1,1,2,0,0,0,0,2,0,1,0,0,2,2,1,0,0,2,1,2,1,1,0,0,1,1,0,2,0,0,0,0,1,0,0,0,0,1,0,0,0,0,2,2,0,0,1
1,2,2,2,0,0,2,0,1,2,1,1,1,1,1,0,1,2,0,2,0,0,0,0,0,0,0,0,0,1,1,1,1,0,2,0,0,0,1,0,2,1,1,0,0,0,0,0,1,0,1,1,0,0,0,0,1,0,1,0,1,0,1,0,2,0,0,0,0,2,0,1,1,1,1,1,0,0,0,2
1,1,1,1,1,0,0,1,0,2,1,0,0,1,1,0,1,0,0,0,1,0,0,1,0,2,1,0,0,0,0,1,1,0,1,0,1,2,0,0,1,0,1,1,0,0,2,1,0,0,0,1,0,1,1,2,0,1,0,1,2,0,0,0,0,0,0,0,0,1,2,0,0,0,0,0,1,0,0,1
0,0,0,0,0,0,0,0,0,0,1,0,0,1,1,1,0,0,1,0,0,0,0,1,0,1,1,0,1,2,0,0,0,0,0,0,1,1,0,0,0,2,2,0,1,0,1,1,0,0,0,0,1,0,0,0,1,0,1,0,0,1,1,0,2,1,0,0,0,0,1,0,0,0,0,0,1,0,0,1
1,2,2,2,0,0,1,0,0,1,0,0,0,0,0,0,0,0,0,1,2,0,0,0,0,0,0,0,0,2,0,1,0,1,0,2,0,0,1,2,2,0,1,0,0,0,0,0,1,0,0,0,2,0,0,1,0,0,0,0,1,1,1,0,0,0,0,1,0,1,0,2,2,2,2,0,0,0,1,1
1,1,1,1,0,0,1,0,0,0,0,1,0,0,0,0,1,0,0,1,1,1,0,0,0,1,1,0,0,0,1,1,1,0,0,0,0,1,0,0,1,1,0,0,0,1,0,1,0,1,0,1,0,1,1,2,0,1,1,0,1,1,1,0,0,0,1,1,0,1,0,1,1,1,1,0,0,0,0,0
0,0,0,0,0,0,1,0,0,1,0,0,0,0,0,0,0,0,0,0,0,0,0,0,0,0,0,0,0,2,0,1,0,0,0,1,1,1,0,0,0,1,1,0,0,1,2,0,0,1,0,0,1,0,0,1,1,0,1,0,0,0,0,0,0,2,0,0,0,1,2,2,2,2,2,1,0,0,0,2
0,0,0,0,0,0,2,0,0,2,2,0,0,2,2,1,0,1,0,0,0,0,0,0,0,0,0,0,0,0,0,0,0,0,0,0,0,2,2,0,0,0,0,0,0,1,0,0,1,0,1,0,1,2,2,0,0,2,0,0,0,1,0,0,1,0,0,0,0,1,0,1,1,1,1,0,1,0,0,0
0,1,1,1,2,0,2,0,0,2,2,0,0,2,2,0,0,2,0,1,1,0,0,0,0,0,0,0,0,0,1,2,1,0,2,0,2,0,1,0,1,1,0,2,0,2,1,0,1,1,1,1,2,2,2,1,1,2,1,0,0,0,2,0,0,1,0,0,0,0,2,1,1,1,1,0,0,0,1,1
1,0,0,0,0,0,2,0,1,2,1,1,1,1,1,0,1,1,1,0,0,0,0,1,0,1,0,0,0,1,1,1,1,0,0,2,0,0,1,0,0,0,0,1,0,0,0,0,0,0,0,0,2,0,0,0,1,0,2,0,0,0,0,0,0,0,1,0,0,1,2,0,0,0,0,0,0,0,1,2
0,0,0,0,0,1,0,0,1,0,0,1,1,0,0,0,1,0,0,0,1,0,0,0,0,0,1,0,0,1,1,0,1,1,1,2,0,1,0,0,0,2,1,0,0,0,0,2,0,0,2,1,0,0,0,1,0,2,0,0,1,0,0,0,0,0,1,0,0,0,1,0,0,0,0,1,0,0,0,1
0,0,0,0,0,0,2,0,0,2,2,0,0,2,2,1,0,1,0,0,1,0,0,0,0,0,1,0,0,0,0,0,0,0,0,0,0,1,0,0,0,0,1,0,0,0,1,0,1,0,0,0,0,2,2,0,1,2,0,0,2,0,0,0,1,2,1,0,1,0,2,0,0,0,0,1,0,0,0,0
1,1,1,1,0,0,0,0,1,1,0,0,0,0,0,0,0,0,0,2,0,0,0,0,0,0,1,0,0,0,0,1,0,1,0,2,0,1,0,1,1,1,1,0,1,2,0,0,0,2,1,0,0,2,2,0,0,2,2,0,0,0,0,0,2,0,0,0,0,1,0,0,0,0,0,0,1,0,0,0
0,0,0,0,2,0,1,0,0,1,0,0,0,0,0,0,0,0,0,0,0,0,0,0,0,0,1,0,0,1,2,1,1,0,2,0,1,1,0,0,0,0,1,2,0,1,2,0,0,0,0,1,1,1,1,0,0,1,0,0,1,1,0,0,0,2,0,0,0,1,1,0,0,0,0,2,2,0,0,0
1,1,1,1,1,1,0,0,1,0,0,1,1,0,0,0,1,1,1,1,1,0,0,0,0,0,1,1,0,1,0,1,0,0,2,0,1,0,0,1,2,0,1,1,0,2,1,0,0,1,1,0,1,2,2,0,1,2,0,0,0,0,0,1,0,1,1,0,1,1,2,1,2,1,2,1,2,0,0,0
1,0,0,1,0,0,1,0,0,1,0,0,0,0,0,0,0,0,0,0,1,0,0,0,0,1,0,0,0,0,0,0,0,0,2,2,0,0,1,1,1,1,0,0,0,1,1,0,0,0,0,1,0,1,1,1,1,1,1,1,1,0,2,2,1,1,1,0,0,2,2,0,0,0,0,0,0,0,1,1
0,1,1,0,0,0,2,0,1,2,1,1,1,1,1,1,1,2,0,2,0,0,0,1,1,1,1,0,0,1,1,1,0,1,0,1,2,2,2,0,0,2,1,0,0,0,0,0,0,2,1,1,1,1,1,1,1,1,2,0,0,0,0,2,0,1,0,0,0,0,2,0,0,0,0,0,0,1,1,0
0,1,1,2,0,0,1,0,0,1,0,0,0,0,0,0,0,2,0,0,0,1,0,1,0,2,0,0,0,0,0,0,0,0,0,1,1,1,0,0,2,0,1,0,0,2,1,0,2,1,0,0,0,0,0,2,0,0,0,0,0,2,2,0,1,0,0,1,0,0,0,1,1,1,1,2,2,0,1,2
0,2,2,1,0,0,2,0,1,2,1,1,1,1,2,1,0,1,0,2,0,0,0,0,0,0,0,0,0,1,1,0,1,1,0,0,1,1,0,1,1,2,1,0,1,0,0,0,0,0,0,1,1,1,1,0,1,1,1,0,1,1,0,0,0,0,2,0,1,2,0,1,1,1,1,0,1,0,0,0
0,2,2,2,1,0,0,1,0,2,1,0,0,1,1,0,1,1,1,0,0,0,0,1,0,1,0,0,0,0,1,1,1,1,1,0,1,0,1,0,2,1,1,1,1,2,1,0,1,1,1,1,0,1,1,1,0,1,1,0,0,0,0,1,0,0,1,0,0,0,0,2,1,2,1,1,2,0,0,1
1,0,0,2,1,0,0,1,0,0,0,0,0,0,0,0,1,1,1,1,1,0,0,0,0,0,0,0,0,0,1,1,0,0,0,0,1,1,0,0,2,1,0,2,0,0,2,0,0,1,0,0,1,2,2,1,0,2,0,0,0,0,0,0,2,2,0,1,0,1,0,0,0,0,0,2,2,0,0,1
0,1,1,0,1,1,2,0,0,2,2,0,0,2,2,1,0,1,0,0,1,0,0,0,0,0,0,0,0,0,0,1,1,1,0,0,1,1,0,1,0,1,1,1,1,0,0,0,0,0,2,0,0,0,1,0,0,0,0,1,0,1,1,0,1,0,1,0,0,0,0,1,1,1,1,1,0,0,0,2
1,1,1,1,1,1,0,0,1,0,0,1,1,0,0,0,1,0,0,0,1,1,0,1,0,2,0,0,0,0,1,1,1,0,0,0,0,0,0,0,1,2,1,1,1,1,1,0,0,1,2,1,1,1,1,0,1,1,1,0,0,1,2,0,0,0,0,0,0,0,1,0,0,0,0,1,2,0,0,2
0,0,0,0,0,0,0,0,1,0,1,0,0,1,0,1,0,0,0,2,1,0,0,0,0,0,0,0,0,1,1,0,1,0,1,1,1,0,0,0,0,2,0,0,0,1,1,0,0,0,1,0,1,0,0,0,1,1,0,0,1,0,0,0,0,2,0,0,0,1,2,0,0,0,0,1,0,0,0,2
0,0,0,0,1,0,0,0,1,0,0,1,1,0,0,0,1,1,0,0,1,0,0,1,0,1,1,0,0,0,0,1,0,1,0,2,0,0,1,1,0,0,0,1,0,1,2,0,1,0,2,1,0,0,0,1,1,2,1,0,0,0,0,2,1,0,0,0,0,0,1,1,1,0,0,1,0,0,0,0
1,1,1,1,1,0,0,0,0,0,1,0,0,1,1,1,0,0,2,1,0,0,0,1,0,1,1,0,0,0,0,1,0,0,2,2,0,1,0,0,1,0,1,1,0,0,0,0,2,0,1,1,1,0,0,2,0,1,0,0,0,1,0,1,0,2,0,0,0,0,0,1,1,1,1,0,1,0,0,0
